date,open,high,low,close,volume
2018-01-01,9749.0,9789.0,9629.8,9651.9,426354.0
2018-01-02,9699.0,9718.6,9525.0,9554.05,451227.0
2018-01-03,9597.0,9598.0,9402.0,9416.6,658281.0
2018-01-04,9450.0,9488.0,9367.2,9386.25,562919.0
2018-01-05,9458.0,9532.0,9412.55,9433.85,732512.0
2018-01-08,9488.0,9495.0,9425.0,9448.95,294549.0
2018-01-09,9464.8,9491.45,9361.0,9383.55,427590.0
2018-01-10,9387.8,9454.85,9315.9,9375.85,394826.0
2018-01-11,9410.0,9430.0,9326.0,9339.8,369158.0
2018-01-12,9387.0,9494.75,9355.1,9459.15,685141.0
2018-01-15,9499.95,9508.55,9340.0,9358.45,385462.0
2018-01-16,9371.0,9408.65,9300.0,9322.05,364816.0
2018-01-17,9316.0,9368.8,9256.0,9313.9,390461.0
2018-01-18,9350.0,9518.9,9332.0,9368.7,686971.0
2018-01-19,9325.0,9396.0,9282.0,9323.95,542339.0
2018-01-22,9349.0,9356.75,9271.6,9310.1,454188.0
2018-01-23,9347.0,9429.3,9290.0,9393.4,561948.0
2018-01-24,9419.0,9519.95,9340.45,9434.95,568489.0
2018-01-25,9485.0,9485.0,9250.0,9278.2,705224.0
2018-01-29,9481.0,9714.0,9461.0,9630.7,1546624.0
2018-01-30,9620.0,9675.5,9550.0,9571.55,573988.0
2018-01-31,9558.05,9585.0,9458.9,9509.7,462650.0
2018-02-01,9545.0,9563.7,9312.0,9401.85,550971.0
2018-02-02,9359.0,9359.0,8940.0,8990.6,984189.0
2018-02-05,8850.15,9120.0,8688.0,9080.6,651062.0
2018-02-06,8700.0,9113.5,8661.6,8984.6,840339.0
2018-02-07,9170.0,9170.0,8873.0,8921.8,509440.0
2018-02-08,8988.9,9060.0,8915.0,9030.7,465683.0
2018-02-09,8906.0,8986.55,8870.0,8936.1,364892.0
2018-02-12,8960.0,9150.0,8960.0,9117.85,408523.0
2018-02-14,9149.9,9157.5,8986.0,9001.6,357737.0
2018-02-15,9049.0,9090.0,9001.0,9020.25,250781.0
2018-02-16,9039.9,9070.0,8806.85,8836.95,632659.0
2018-02-19,8856.0,8865.85,8691.65,8724.85,436138.0
2018-02-20,8745.0,8768.95,8650.0,8722.65,517802.0
2018-02-21,8771.0,8795.0,8708.2,8782.75,471756.0
2018-02-22,8769.0,8769.0,8601.5,8634.05,638857.0
2018-02-23,8665.0,8738.95,8655.05,8698.8,567960.0
2018-02-26,8758.0,9055.0,8750.05,9005.35,869374.0
2018-02-27,9093.0,9114.95,8872.6,8891.2,684609.0
2018-02-28,8870.0,8934.0,8772.0,8850.95,680125.0
2018-03-01,8874.0,8936.05,8811.35,8873.45,609369.0
2018-03-05,8867.0,8867.0,8775.0,8795.1,388180.0
2018-03-06,8855.55,8885.0,8600.0,8616.5,543686.0
2018-03-07,8621.8,8713.85,8552.0,8679.1,598715.0
2018-03-08,8700.2,8775.0,8651.0,8729.35,533856.0
2018-03-09,8760.0,8774.0,8650.0,8660.6,323450.0
2018-03-12,8719.0,8826.8,8681.1,8810.3,438339.0
2018-03-13,8810.0,8848.0,8691.0,8756.05,521943.0
2018-03-14,8735.0,8874.0,8725.05,8846.3,411769.0
2018-03-15,8839.9,8875.0,8800.95,8837.55,313431.0
2018-03-16,8869.0,8869.0,8649.4,8676.55,622932.0
2018-03-19,8711.5,8800.0,8703.55,8773.5,571830.0
2018-03-20,8764.45,8845.5,8735.0,8802.4,408924.0
2018-03-21,8839.9,8945.0,8825.05,8874.65,516020.0
2018-03-22,8870.0,8910.5,8684.4,8696.55,471749.0
2018-03-23,8612.55,8640.5,8542.1,8607.25,644482.0
2018-03-26,8607.0,8798.0,8605.0,8765.3,447858.0
2018-03-27,8815.0,8887.0,8767.15,8852.3,423455.0
2018-03-28,8812.0,9084.0,8801.0,8861.1,1194227.0
2018-04-02,8990.0,9088.0,8953.25,9008.2,552649.0
2018-04-03,9008.95,9060.0,8955.0,9026.45,339709.0
2018-04-04,9078.0,9149.4,8980.6,9013.5,488280.0
2018-04-05,9050.0,9157.65,9050.0,9132.6,236956.0
2018-04-06,9165.0,9230.0,9042.55,9206.2,429514.0
2018-04-09,9220.0,9308.15,9184.7,9292.65,426170.0
2018-04-10,9290.0,9315.45,9239.0,9273.45,299119.0
2018-04-11,9290.0,9350.0,9208.55,9302.5,318010.0
2018-04-12,9290.0,9290.0,9181.1,9204.45,300797.0
2018-04-13,9267.0,9267.0,9106.25,9123.95,366224.0
2018-04-16,9100.0,9245.0,9065.0,9232.0,271057.0
2018-04-17,9241.0,9242.0,9137.55,9160.35,342578.0
2018-04-18,9178.0,9227.45,9095.9,9121.5,452854.0
2018-04-19,9144.0,9183.75,9068.0,9077.65,256088.0
2018-04-20,9082.0,9108.15,9012.95,9025.0,303913.0
2018-04-23,9039.9,9125.0,9005.95,9064.85,302205.0
2018-04-24,9095.0,9142.55,9031.0,9064.65,312103.0
2018-04-25,9059.0,9068.8,8908.0,8934.6,488641.0
2018-04-26,8949.0,8981.0,8890.0,8946.45,614321.0
2018-04-27,9015.0,9137.0,8715.1,8783.35,1873816.0
2018-04-30,8790.0,8904.2,8760.3,8814.95,497504.0
2018-05-02,8915.0,8998.0,8725.0,8744.5,806846.0
2018-05-03,8765.0,8799.0,8700.0,8755.95,406825.0
2018-05-04,8784.0,8790.0,8665.0,8678.2,490244.0
2018-05-07,8693.0,8770.0,8660.0,8743.7,342702.0
2018-05-08,8785.0,8806.2,8690.0,8775.2,404969.0
2018-05-09,8795.0,8795.0,8705.0,8718.35,314057.0
2018-05-10,8758.0,8758.0,8690.0,8704.95,298598.0
2018-05-11,8738.0,8765.0,8702.05,8750.3,264405.0
2018-05-14,8751.0,8760.0,8688.1,8707.0,276620.0
2018-05-15,8725.0,8750.35,8639.0,8726.6,506107.0
2018-05-16,8675.0,8733.45,8675.0,8695.6,288597.0
2018-05-17,8725.0,8766.45,8661.2,8697.5,379606.0
2018-05-18,8700.8,8725.0,8496.0,8510.95,603507.0
2018-05-21,8518.0,8524.8,8255.5,8428.5,872463.0
2018-05-22,8416.0,8586.4,8371.25,8560.65,410467.0
2018-05-23,8560.0,8564.8,8458.2,8497.4,399631.0
2018-05-24,8500.1,8518.3,8400.0,8410.75,292331.0
2018-05-25,8412.0,8574.0,8395.15,8548.15,519151.0
2018-05-28,8560.0,8785.0,8555.1,8709.3,446264.0
2018-05-29,8718.0,8840.0,8680.0,8714.9,665121.0
2018-05-30,8669.0,8669.0,8572.85,8588.2,508262.0
2018-05-31,8639.0,8639.1,8515.9,8537.2,679959.0
2018-06-01,8610.0,8848.4,8590.05,8808.85,1002010.0
2018-06-04,8840.0,8840.0,8726.05,8749.85,380690.0
2018-06-05,8750.0,8830.0,8680.0,8810.4,400886.0
2018-06-06,8829.0,8870.0,8810.0,8842.35,328784.0
2018-06-07,8874.0,8934.8,8865.0,8911.25,267961.0
2018-06-08,8894.0,8950.0,8871.0,8932.45,287823.0
2018-06-11,8960.0,9046.0,8921.5,9022.65,337828.0
2018-06-12,9039.0,9065.0,8955.0,9016.75,343452.0
2018-06-13,9030.0,9094.95,8943.0,8967.35,369407.0
2018-06-14,8932.05,9019.95,8908.0,8958.0,269078.0
2018-06-15,8995.0,8995.0,8901.0,8951.6,496572.0
2018-06-18,8947.5,9050.4,8937.95,8973.45,305144.0
2018-06-19,8970.0,8984.8,8820.05,8862.6,350407.0
2018-06-20,8873.0,8970.0,8863.0,8948.3,325981.0
2018-06-21,8978.0,8986.0,8852.95,8863.05,313349.0
2018-06-22,8865.0,8887.0,8810.0,8874.9,319027.0
2018-06-25,8869.0,8869.0,8780.0,8793.0,254954.0
2018-06-26,8793.0,8985.35,8750.0,8931.35,387769.0
2018-06-27,8935.95,9012.0,8873.0,8898.3,501622.0
2018-06-28,8892.0,8894.05,8735.05,8771.3,376404.0
2018-06-29,8750.3,8900.0,8750.3,8825.6,458807.0
2018-07-02,8878.0,8935.0,8800.05,8821.05,298529.0
2018-07-03,8825.0,8995.0,8750.0,8975.15,375718.0
2018-07-04,9014.0,9249.25,8952.5,9220.8,656141.0
2018-07-05,9228.0,9395.0,9225.75,9347.05,887919.0
2018-07-06,9315.0,9413.95,9260.0,9317.5,508241.0
2018-07-09,9395.0,9419.85,9350.0,9374.9,331872.0
2018-07-10,9380.0,9545.9,9380.0,9531.0,485745.0
2018-07-11,9529.0,9529.35,9361.0,9384.7,328446.0
2018-07-12,9448.0,9508.0,9325.25,9347.0,336960.0
2018-07-13,9408.0,9495.0,9362.25,9431.05,511150.0
2018-07-16,9429.0,9498.9,9355.0,9385.3,216426.0
2018-07-17,9351.15,9479.7,9347.0,9445.4,457123.0
2018-07-18,9482.3,9534.0,9296.9,9366.8,430624.0
2018-07-19,9408.0,9434.0,9350.0,9389.1,199983.0
2018-07-20,9392.0,9464.0,9335.0,9398.95,272916.0
2018-07-23,9448.0,9750.0,9372.0,9701.0,607813.0
2018-07-24,9778.0,9929.0,9725.0,9832.45,749626.0
2018-07-25,9853.0,9875.85,9701.0,9758.95,384750.0
2018-07-26,9819.8,9831.7,9361.0,9396.25,1261317.0
2018-07-27,9402.0,9442.2,9290.0,9310.4,672141.0
2018-07-30,9320.0,9404.5,9233.0,9381.9,539464.0
2018-07-31,9400.0,9548.85,9355.0,9520.55,426388.0
2018-08-01,9535.0,9587.75,9300.0,9341.6,700719.0
2018-08-02,9327.0,9327.0,9120.0,9142.4,875157.0
2018-08-03,9150.0,9230.0,9150.0,9187.0,470958.0
2018-08-06,9247.5,9300.0,9200.0,9286.4,237693.0
2018-08-07,9316.0,9420.0,9271.0,9411.5,381993.0
2018-08-08,9449.0,9449.0,9183.05,9207.4,638498.0
2018-08-09,9239.0,9239.0,9060.0,9146.05,651728.0
2018-08-10,9150.0,9210.0,9105.0,9148.25,427827.0
2018-08-13,9119.45,9185.0,9012.2,9080.85,348201.0
2018-08-14,9079.0,9158.8,9046.25,9132.6,344056.0
2018-08-16,9124.0,9235.95,9085.0,9200.55,465479.0
2018-08-17,9243.0,9286.5,9130.0,9152.1,477538.0
2018-08-20,9170.7,9217.8,9062.0,9074.35,449317.0
2018-08-21,9074.35,9074.35,9074.35,9074.35,147408.0
2018-08-21,9110.0,9130.0,9050.4,9113.3,380824.0
2018-08-23,9145.0,9256.0,9100.1,9223.3,751705.0
2018-08-24,9240.0,9279.9,9142.1,9163.8,401110.0
2018-08-27,9209.0,9274.0,9200.0,9245.25,326945.0
2018-08-28,9277.55,9446.5,9215.0,9427.95,684054.0
2018-08-29,9421.0,9468.3,9339.65,9368.1,433440.0
2018-08-30,9370.0,9370.0,9182.65,9205.8,674292.0
2018-08-31,9208.0,9255.0,9080.3,9096.4,634522.0
2018-09-03,9100.0,9118.95,8875.0,8902.15,992161.0
2018-09-04,8912.0,8999.0,8835.45,8868.5,530967.0
2018-09-05,8871.0,8950.0,8790.6,8896.1,491163.0
2018-09-06,8967.7,8967.7,8741.0,8759.85,687535.0
2018-09-07,8775.0,8789.0,8634.25,8719.2,636918.0
2018-09-10,8700.0,8750.0,8625.0,8639.4,577299.0
2018-09-11,8668.0,8699.9,8479.6,8517.05,552622.0
2018-09-12,8539.0,8539.0,8401.0,8493.95,634678.0
2018-09-14,8593.0,8700.0,8580.35,8626.7,754169.0
2018-09-17,8587.0,8659.7,8517.0,8537.8,422191.0
2018-09-18,8537.7,8596.5,8380.2,8399.15,507455.0
2018-09-19,8425.5,8448.4,8191.05,8210.35,959340.0
2018-09-21,8260.0,8325.0,7599.65,8040.15,1646047.0
2018-09-24,8070.0,8070.0,7590.7,7793.05,1801469.0
2018-09-25,7750.0,8018.25,7680.0,7999.45,1159438.0
2018-09-26,8075.0,8089.9,7822.55,7842.55,754963.0
2018-09-27,7850.0,7878.0,7510.2,7553.05,1594739.0
2018-09-28,7620.0,7648.2,7292.65,7347.95,1413254.0
2018-10-01,7354.0,7485.0,7206.0,7463.95,1034603.0
2018-10-03,7400.0,7410.7,7211.0,7246.0,1148091.0
2018-10-04,7150.0,7288.0,7021.0,7198.75,1104174.0
2018-10-05,7054.8,7220.0,6801.85,6904.35,1481376.0
2018-10-08,6915.0,6989.0,6774.25,6889.75,1393849.0
2018-10-09,6819.75,6940.0,6661.0,6699.45,1079041.0
2018-10-10,6748.0,7050.0,6723.25,6985.85,1162309.0
2018-10-11,6800.0,6950.0,6705.2,6875.5,869569.0
2018-10-12,6950.0,7326.0,6950.0,7287.2,1053651.0
2018-10-15,7320.0,7340.0,7126.05,7182.0,682234.0
2018-10-16,7214.0,7278.0,7123.8,7150.9,637012.0
2018-10-17,7237.65,7245.0,6853.45,6885.6,1021019.0
2018-10-19,6830.0,6965.0,6715.5,6756.45,903940.0
2018-10-22,6818.0,6905.0,6722.05,6812.2,774016.0
2018-10-23,6779.0,6857.0,6666.0,6771.3,734440.0
2018-10-24,6850.0,6885.0,6690.0,6768.3,681526.0
2018-10-25,6700.0,6853.7,6620.2,6723.2,2101936.0
2018-10-26,6750.0,6795.0,6500.0,6717.3,874526.0
2018-10-29,6722.0,6810.0,6691.05,6798.7,505428.0
2018-10-30,6798.0,6868.95,6675.2,6697.0,771389.0
2018-10-31,6760.0,6760.0,6500.0,6616.4,1315746.0
2018-11-01,6648.95,6739.95,6600.0,6711.75,842039.0
2018-11-02,6769.8,7159.0,6750.05,7135.45,1834118.0
2018-11-05,7138.0,7254.7,7060.05,7177.25,1040315.0
2018-11-06,7195.0,7238.0,7050.0,7075.0,667413.0
2018-11-07,7140.0,7143.0,7090.0,7127.9,127507.0
2018-11-09,7130.0,7315.0,7040.85,7283.5,986090.0
2018-11-12,7300.0,7352.5,7052.0,7087.8,687443.0
2018-11-13,7049.95,7168.75,7021.0,7150.45,572295.0
2018-11-14,7180.1,7409.0,7180.1,7369.05,1112945.0
2018-11-15,7378.9,7515.1,7333.55,7478.3,1048278.0
2018-11-16,7500.0,7544.05,7302.55,7341.2,806420.0
2018-11-19,7360.0,7449.0,7290.0,7411.65,577408.0
2018-11-20,7411.65,7444.5,7311.65,7333.95,637243.0
2018-11-21,7340.0,7466.0,7331.5,7424.5,701156.0
2018-11-22,7393.95,7480.0,7361.2,7411.1,668352.0
2018-11-26,7425.0,7577.75,7387.3,7554.7,899481.0
2018-11-27,7570.0,7657.8,7500.75,7647.6,783389.0
2018-11-28,7658.0,7680.5,7549.6,7574.2,686734.0
2018-11-29,7613.0,7642.0,7531.0,7546.75,725583.0
2018-11-30,7574.0,7727.0,7570.05,7661.6,869715.0
2018-12-03,7688.5,7800.0,7630.1,7779.95,772869.0
2018-12-04,7780.0,7784.95,7701.0,7721.65,551195.0
2018-12-05,7696.7,7739.9,7520.0,7554.05,704296.0
2018-12-06,7450.05,7486.3,7180.0,7209.7,1339030.0
2018-12-07,7244.0,7349.95,7201.0,7313.95,688881.0
2018-12-10,7200.0,7395.0,7170.0,7350.5,785024.0
2018-12-11,7240.5,7346.0,7215.55,7305.35,843166.0
2018-12-12,7340.0,7507.3,7295.0,7471.85,643037.0
2018-12-13,7477.5,7700.0,7477.5,7670.5,881204.0
2018-12-14,7684.0,7690.0,7545.95,7662.15,676653.0
2018-12-17,7691.9,7800.0,7650.0,7734.05,712296.0
2018-12-18,7710.0,7785.0,7655.0,7772.35,658919.0
2018-12-19,7781.0,7949.75,7781.0,7936.0,856358.0
2018-12-20,7850.0,7919.0,7763.65,7807.05,824303.0
2018-12-21,7830.0,7835.0,7515.0,7536.3,1257227.0
2018-12-24,7560.0,7595.65,7470.0,7529.15,611297.0
2018-12-26,7488.0,7600.0,7402.0,7569.1,594156.0
2018-12-27,7649.0,7668.85,7479.3,7499.95,704523.0
2018-12-28,7548.0,7580.0,7490.0,7505.55,616845.0
2018-12-31,7550.0,7572.75,7443.1,7465.5,547975.0
2019-01-01,7449.75,7494.0,7395.0,7476.8,625360.0
2019-01-02,7445.0,7460.0,7244.0,7267.85,891844.0
2019-01-03,7280.0,7350.0,7185.6,7203.95,715168.0
2019-01-04,7239.0,7309.0,7161.2,7234.5,774445.0
2019-01-07,7310.0,7407.0,7300.0,7362.05,687845.0
2019-01-08,7380.0,7454.8,7322.1,7439.5,516841.0
2019-01-09,7460.5,7529.0,7414.0,7492.9,740580.0
2019-01-10,7500.0,7511.0,7360.15,7391.6,452699.0
2019-01-11,7382.7,7400.0,7282.0,7320.5,488399.0
2019-01-14,7330.0,7433.35,7257.0,7408.7,424152.0
2019-01-15,7430.0,7470.0,7317.0,7355.15,491196.0
2019-01-16,7349.5,7384.0,7291.1,7310.25,424769.0
2019-01-17,7339.0,7398.95,7307.5,7336.25,462725.0
2019-01-18,7345.0,7379.95,7318.0,7357.95,334555.0
2019-01-21,7358.0,7380.0,7161.0,7208.4,654537.0
2019-01-22,7180.0,7180.0,7054.5,7068.85,896521.0
2019-01-23,7050.0,7132.25,7025.0,7045.4,702474.0
2019-01-24,7059.9,7098.0,7014.4,7040.6,520703.0
2019-01-25,7054.0,7133.0,6410.0,6513.4,3062762.0
2019-01-28,6512.5,6610.0,6317.7,6511.05,2398091.0
2019-01-29,6480.0,6619.15,6447.4,6526.95,1101399.0
2019-01-30,6559.0,6588.0,6508.0,6548.25,583773.0
2019-01-31,6575.0,6660.05,6460.05,6641.15,926270.0
2019-02-01,6679.0,7204.0,6652.55,6962.3,2545419.0
2019-02-04,6975.0,7039.0,6851.65,6988.2,658776.0
2019-02-05,6995.0,7125.0,6985.4,7093.6,681498.0
2019-02-06,7120.0,7220.0,7067.0,7183.4,567827.0
2019-02-07,7201.0,7320.0,7185.1,7302.55,690174.0
2019-02-08,7270.0,7300.0,7100.0,7134.25,576159.0
2019-02-11,7150.0,7209.95,7051.1,7177.9,502244.0
2019-02-12,7193.0,7230.0,7127.95,7162.5,494592.0
2019-02-13,7157.0,7165.0,6994.35,7028.25,563690.0
2019-02-14,7036.7,7111.2,6990.0,7017.5,622311.0
2019-02-15,7027.4,7058.7,6900.0,6930.05,768798.0
2019-02-18,6964.7,6997.8,6817.0,6842.7,509963.0
2019-02-19,6855.0,6915.9,6771.0,6804.55,493861.0
2019-02-20,6842.0,6888.0,6804.4,6849.9,534284.0
2019-02-21,6868.95,6879.65,6715.0,6801.55,722938.0
2019-02-22,6827.0,6939.0,6819.05,6912.4,764535.0
2019-02-25,6948.0,6984.9,6870.05,6924.9,495728.0
2019-02-26,6885.0,6975.0,6812.6,6904.3,673415.0
2019-02-27,6943.0,7048.0,6853.2,6968.5,961829.0
2019-02-28,7010.0,7040.0,6801.0,6829.7,1031563.0
2019-03-01,6876.8,6950.0,6827.25,6935.15,768822.0
2019-03-05,6950.0,7158.15,6894.45,7117.75,838538.0
2019-03-06,7137.85,7144.9,7010.0,7056.9,557197.0
2019-03-07,7078.0,7092.5,7002.0,7029.05,396771.0
2019-03-08,6975.0,7025.0,6951.0,6967.7,486432.0
2019-03-11,6980.0,7121.6,6975.0,7081.9,720905.0
2019-03-12,7097.0,7232.0,7096.0,7157.2,828847.0
2019-03-13,7177.0,7202.95,7050.0,7091.05,534982.0
2019-03-14,7103.0,7148.0,7047.25,7086.3,584482.0
2019-03-15,7109.0,7157.0,7060.0,7084.0,861945.0
2019-03-18,7077.45,7077.45,6776.6,6909.1,1525653.0
2019-03-19,6900.0,6901.95,6809.25,6825.2,816763.0
2019-03-20,6860.0,6860.0,6650.0,6673.55,1017560.0
2019-03-22,6673.55,6673.55,6673.55,6673.55,52597.0
2019-03-22,6567.0,6716.3,6532.35,6552.7,1715983.0
2019-03-25,6515.0,6621.0,6491.2,6522.6,1093184.0
2019-03-26,6558.0,6600.0,6480.0,6585.7,909087.0
2019-03-27,6628.0,6640.0,6500.0,6518.0,887601.0
2019-03-28,6535.0,6625.0,6501.2,6596.25,949713.0
2019-03-29,6610.0,6775.0,6565.1,6672.55,1458092.0
2019-04-01,6730.8,6870.0,6700.0,6840.7,1142386.0
2019-04-02,6859.45,6900.7,6785.5,6889.7,866805.0
2019-04-03,6896.0,7098.0,6896.0,7072.9,1491021.0
2019-04-04,7120.0,7170.0,7061.65,7113.1,1388375.0
2019-04-05,7095.0,7143.95,7050.0,7107.7,729603.0
2019-04-08,7107.0,7150.0,7044.7,7129.45,498374.0
2019-04-09,7134.0,7235.0,7080.0,7216.55,741669.0
2019-04-10,7218.95,7218.95,7144.6,7186.35,590107.0
2019-04-11,7186.95,7220.0,7150.0,7187.85,609539.0
2019-04-12,7188.9,7357.0,7161.05,7342.85,929935.0
2019-04-15,7351.05,7389.95,7295.0,7352.5,585205.0
2019-04-16,7369.9,7475.0,7350.0,7458.55,707823.0
2019-04-18,7533.1,7539.35,7434.05,7447.45,713163.0
2019-04-22,7422.0,7424.9,7300.0,7321.25,479609.0
2019-04-23,7327.0,7388.9,7006.0,7048.9,952628.0
2019-04-24,7065.0,7101.95,6910.0,7016.7,1063510.0
2019-04-25,7014.75,7144.95,6865.0,6905.25,3075510.0
2019-04-26,6805.0,6886.85,6750.0,6842.85,1999920.0
2019-04-30,6700.0,6750.0,6630.0,6666.4,1640025.0
2019-05-02,6550.0,6709.95,6525.0,6683.25,1337101.0
2019-05-03,6675.0,6780.0,6675.0,6710.0,795679.0
2019-05-06,6659.0,6732.0,6639.3,6709.65,480317.0
2019-05-07,6744.9,6785.25,6680.0,6702.0,586684.0
2019-05-08,6679.0,6693.0,6616.0,6650.15,552749.0
2019-05-09,6637.0,6678.0,6600.0,6624.95,570000.0
2019-05-10,6623.0,6664.9,6575.0,6631.6,608669.0
2019-05-13,6626.0,6659.3,6500.0,6543.75,555672.0
2019-05-14,6511.0,6612.0,6450.0,6576.2,843313.0
2019-05-15,6590.0,6640.0,6463.3,6493.75,612357.0
2019-05-16,6506.0,6527.3,6441.4,6479.65,555991.0
2019-05-17,6497.0,6790.0,6485.0,6706.85,782196.0
2019-05-20,6875.0,7150.0,6860.0,7084.6,1286198.0
2019-05-21,7105.0,7137.75,6818.0,6875.35,973836.0
2019-05-22,6877.2,6930.55,6841.0,6899.8,645280.0
2019-05-23,6996.0,7049.1,6830.0,6929.25,1364516.0
2019-05-24,6964.95,7120.0,6886.75,7093.15,1002742.0
2019-05-27,7095.0,7193.9,6900.05,7068.45,1022289.0
2019-05-28,7067.0,7130.0,7031.5,7054.65,915732.0
2019-05-29,7001.0,7009.0,6870.0,6891.45,768022.0
2019-05-30,6890.0,6921.0,6825.0,6867.7,850456.0
2019-05-31,6891.0,6961.3,6825.0,6869.85,1084204.0
2019-06-03,6760.0,7055.0,6760.0,7022.9,1157809.0
2019-06-04,7000.0,7099.0,6971.75,7051.8,575281.0
2019-06-06,7060.2,7099.0,6928.0,6988.7,720856.0
2019-06-07,6990.0,6990.0,6862.65,6948.25,470376.0
2019-06-10,6980.0,7043.3,6922.0,6969.95,395116.0
2019-06-11,6989.95,7018.2,6930.0,6978.3,387309.0
2019-06-12,6963.8,6967.95,6825.05,6852.0,494886.0
2019-06-13,6843.0,6863.7,6766.3,6784.7,561159.0
2019-06-14,6775.0,6839.0,6727.35,6747.4,449930.0
2019-06-17,6749.4,6768.05,6560.5,6581.65,567397.0
2019-06-18,6604.5,6649.0,6390.0,6439.0,1048826.0
2019-06-19,6485.0,6560.65,6380.0,6424.65,715496.0
2019-06-20,6390.0,6649.0,6340.25,6616.75,992450.0
2019-06-21,6549.0,6549.0,6370.2,6417.25,1345890.0
2019-06-24,6411.0,6497.1,6322.85,6459.9,911826.0
2019-06-25,6459.0,6540.0,6427.35,6522.5,580392.0
2019-06-26,6519.0,6557.8,6460.1,6480.3,572239.0
2019-06-27,6496.2,6575.0,6475.0,6486.7,1022011.0
2019-06-28,6500.0,6550.0,6475.0,6534.65,618701.0
2019-07-01,6600.0,6618.0,6490.0,6507.85,754667.0
2019-07-02,6510.05,6588.8,6482.0,6560.0,518084.0
2019-07-03,6582.0,6590.0,6515.05,6533.8,517709.0
2019-07-04,6540.0,6588.0,6510.2,6544.45,576449.0
2019-07-05,6547.2,6579.0,6300.0,6360.0,866460.0
2019-07-08,6280.1,6283.15,5985.65,6038.7,1927495.0
2019-07-09,6060.0,6070.0,5910.0,5945.45,1337999.0
2019-07-10,5959.0,5995.0,5900.0,5927.9,809385.0
2019-07-11,5974.0,6050.0,5930.0,6031.2,779113.0
2019-07-12,6017.7,6090.0,5951.95,5971.45,719883.0
2019-07-15,5980.0,6096.0,5955.0,6079.7,675004.0
2019-07-16,6079.95,6172.0,6056.0,6158.05,627259.0
2019-07-17,6168.0,6174.0,6050.0,6075.7,598778.0
2019-07-18,6054.4,6055.7,5857.5,5882.35,1097857.0
2019-07-19,5885.0,5910.95,5710.1,5769.1,1228672.0
2019-07-22,5780.0,5940.0,5745.05,5912.5,897510.0
2019-07-23,5910.0,5972.4,5820.2,5873.75,841517.0
2019-07-24,5865.0,5865.0,5725.3,5768.0,800687.0
2019-07-25,5789.1,5844.95,5701.05,5756.75,990461.0
2019-07-26,5728.0,5955.0,5683.9,5805.65,2346714.0
2019-07-29,5770.0,5770.0,5540.0,5561.25,1548125.0
2019-07-30,5562.0,5644.85,5492.0,5507.15,1189163.0
2019-07-31,5525.8,5582.3,5446.05,5469.7,1053202.0
2019-08-01,5469.7,5615.0,5450.0,5572.6,1134178.0
2019-08-02,5539.6,5724.0,5485.0,5689.35,1391678.0
2019-08-05,5600.0,5695.0,5452.0,5670.35,1122496.0
2019-08-06,5640.0,5849.0,5640.0,5833.3,1125521.0
2019-08-07,5833.95,5867.0,5735.7,5775.0,955090.0
2019-08-08,5725.0,5947.0,5725.0,5902.25,831725.0
2019-08-09,5937.65,6155.0,5927.2,6099.9,1445079.0
2019-08-13,6099.7,6123.0,5791.55,5815.45,909354.0
2019-08-14,5792.0,5933.4,5710.0,5816.0,1030939.0
2019-08-16,5805.0,5995.0,5590.0,5975.05,1207075.0
2019-08-19,5999.0,6024.4,5911.6,5982.55,902389.0
2019-08-20,6003.0,6233.0,5959.05,6190.95,2198337.0
2019-08-21,6223.0,6276.0,6141.0,6228.9,2128640.0
2019-08-22,6200.0,6298.5,6168.0,6208.55,1551394.0
2019-08-23,6160.0,6279.6,6040.0,6254.35,1232405.0
2019-08-26,6460.0,6466.7,6116.15,6255.55,1552155.0
2019-08-27,6297.5,6340.0,6256.0,6277.75,1078065.0
2019-08-28,6248.0,6248.0,6070.0,6103.4,1242304.0
2019-08-29,6103.4,6198.0,6065.0,6110.2,1006756.0
2019-08-30,6144.0,6159.25,6052.9,6123.75,794518.0
2019-09-03,6035.0,6130.0,6002.25,6049.7,1173373.0
2019-09-04,6062.0,6076.2,5800.0,5830.75,1964992.0
2019-09-05,5805.0,5998.0,5791.25,5968.65,1149196.0
2019-09-06,5997.7,6220.0,5962.1,6186.95,1524051.0
2019-09-09,6085.0,6366.95,6040.0,6335.5,2061193.0
2019-09-11,6330.0,6630.0,6285.1,6597.3,2492039.0
2019-09-12,6565.0,6640.0,6370.0,6392.05,1892862.0
2019-09-13,6434.0,6512.8,6340.0,6450.3,1929801.0
2019-09-16,6349.9,6489.0,6340.1,6412.75,1377371.0
2019-09-17,6410.0,6445.85,6110.0,6130.4,1706567.0
2019-09-18,6165.0,6211.8,5986.6,6095.05,1955137.0
2019-09-19,6139.0,6175.0,5942.4,5971.75,1721431.0
2019-09-20,6015.0,6949.8,5982.45,6591.95,4892962.0
2019-09-23,6676.1,7000.0,6676.1,6897.85,3140286.0
2019-09-24,6935.0,7177.9,6855.0,7009.1,2354230.0
2019-09-25,7000.0,7000.0,6602.0,6638.5,2296343.0
2019-09-26,6700.0,6899.9,6681.05,6857.45,1893865.0
2019-09-27,6860.0,6915.0,6735.0,6773.7,1457894.0
2019-09-30,6773.0,6809.6,6640.0,6715.8,1264165.0
2019-10-01,6720.0,6850.0,6650.0,6782.0,1473158.0
2019-10-03,6786.6,6794.95,6680.0,6754.05,850852.0
2019-10-04,6793.0,6845.9,6618.4,6649.6,1065056.0
2019-10-07,6674.7,6699.0,6558.15,6629.85,696713.0
2019-10-09,6628.0,6743.8,6590.0,6719.55,1017731.0
2019-10-10,6700.0,6742.1,6558.25,6605.45,985523.0
2019-10-11,6626.3,6720.0,6626.3,6698.9,835065.0
2019-10-14,6697.95,6874.55,6696.05,6821.1,963217.0
2019-10-15,6811.0,7019.0,6809.0,6985.75,1276061.0
2019-10-16,7003.45,7013.9,6895.0,6975.0,876844.0
2019-10-17,6977.0,7155.55,6940.0,7123.9,1248295.0
2019-10-18,7081.3,7450.0,7061.65,7302.3,1463126.0
2019-10-22,7333.0,7392.0,7232.0,7256.25,959552.0
2019-10-23,7201.05,7472.0,7200.0,7440.25,1278695.0
2019-10-24,7460.0,7475.0,7271.0,7391.4,1658859.0
2019-10-25,7396.5,7509.0,7353.85,7471.15,1353615.0
2019-10-27,7477.0,7500.0,7392.05,7422.1,128352.0
2019-10-29,7416.0,7758.7,7381.85,7721.3,1396732.0
2019-10-30,7744.0,7753.65,7539.7,7556.95,1243366.0
2019-10-31,7612.9,7645.0,7502.0,7559.4,1067275.0
2019-11-01,7599.95,7649.0,7545.1,7618.65,1151035.0
2019-11-04,7550.0,7625.0,7407.45,7424.0,824953.0
2019-11-05,7429.95,7541.95,7325.0,7389.0,1207089.0
2019-11-06,7395.0,7415.0,7295.0,7311.15,923041.0
2019-11-07,7357.0,7357.0,7241.0,7287.15,877885.0
2019-11-08,7286.45,7370.0,7178.05,7200.55,983936.0
2019-11-11,7160.0,7237.45,7074.0,7137.3,864507.0
2019-11-13,7130.0,7169.85,7095.0,7154.6,687017.0
2019-11-14,7160.0,7270.0,7160.0,7247.15,802462.0
2019-11-15,7300.0,7359.0,7116.2,7147.2,1049492.0
2019-11-18,7150.0,7177.0,7075.0,7098.45,537228.0
2019-11-19,7146.0,7155.0,7032.0,7045.45,755114.0
2019-11-20,7120.0,7218.0,7044.0,7152.75,1289948.0
2019-11-21,7150.0,7200.0,7004.8,7019.05,763454.0
2019-11-22,7034.0,7077.45,7000.0,7060.45,685503.0
2019-11-25,7075.2,7263.5,7040.3,7236.1,952419.0
2019-11-26,7238.0,7274.0,7084.0,7125.0,1249810.0
2019-11-27,7166.6,7300.0,7166.6,7294.4,1070680.0
2019-11-28,7299.8,7321.1,7220.95,7261.25,602077.0
2019-11-29,7254.0,7293.85,7132.0,7245.85,792083.0
2019-12-02,7291.0,7294.85,7106.75,7139.35,703838.0
2019-12-03,7142.65,7240.0,7060.0,7138.8,668269.0
2019-12-04,7129.8,7170.0,7052.0,7076.1,737723.0
2019-12-05,7090.0,7125.15,6990.55,7012.85,602894.0
2019-12-06,7012.85,7050.0,6864.1,6886.7,770911.0
2019-12-09,7007.0,7108.0,6952.35,6994.75,1479832.0
2019-12-10,7019.0,7048.95,6905.0,6963.65,790378.0
2019-12-11,7000.0,7035.0,6955.2,6993.2,603048.0
2019-12-12,7030.4,7045.95,6975.5,6999.8,932863.0
2019-12-13,7043.95,7249.0,7030.15,7214.95,1199360.0
2019-12-16,7240.0,7257.7,7125.0,7140.05,727854.0
2019-12-17,7209.9,7276.5,7166.0,7195.15,939918.0
2019-12-18,7220.0,7254.95,7164.0,7240.65,841740.0
2019-12-19,7248.95,7310.0,7166.0,7240.65,1001697.0
2019-12-20,7240.65,7304.35,7227.5,7261.5,679779.0
2019-12-23,7275.0,7378.6,7250.1,7360.9,914067.0
2019-12-24,7397.0,7423.7,7302.0,7327.8,850537.0
2019-12-26,7334.0,7343.45,7222.0,7240.9,556360.0
2019-12-27,7268.0,7368.5,7251.4,7344.9,665383.0
2019-12-30,7378.0,7431.95,7341.6,7416.25,739631.0
2019-12-31,7412.5,7412.5,7355.25,7368.6,560622.0
2020-01-01,7377.0,7409.95,7282.05,7311.7,634725.0
2020-01-02,7327.6,7368.0,7312.0,7329.85,616838.0
2020-01-03,7328.95,7332.0,7226.0,7254.25,571967.0
2020-01-06,7200.0,7210.0,7026.5,7042.4,748516.0
2020-01-07,7100.0,7165.6,7026.4,7073.6,590500.0
2020-01-08,7060.0,7116.65,6980.45,7035.2,793313.0
2020-01-09,7140.0,7240.0,7102.0,7227.9,798184.0
2020-01-10,7261.4,7349.9,7234.4,7330.5,747847.0
2020-01-13,7332.0,7370.0,7279.8,7352.7,537399.0
2020-01-14,7355.0,7412.4,7325.6,7386.8,548522.0
2020-01-15,7388.95,7505.0,7353.0,7482.95,692726.0
2020-01-16,7456.5,7521.0,7421.2,7462.65,640207.0
2020-01-17,7469.0,7569.9,7432.55,7520.15,750738.0
2020-01-20,7521.25,7529.5,7421.05,7449.6,407828.0
2020-01-21,7411.5,7434.65,7287.8,7302.65,442561.0
2020-01-22,7340.0,7374.95,7107.95,7135.6,1048435.0
2020-01-23,7145.4,7220.0,7123.15,7147.1,589326.0
2020-01-24,7148.8,7210.0,7111.25,7128.45,645723.0
2020-01-27,7101.5,7225.0,7061.0,7148.8,573149.0
2020-01-28,7179.95,7219.95,6963.0,6997.05,1614448.0
2020-01-29,7010.0,7116.25,6975.0,7010.3,1001252.0
2020-01-30,7020.0,7049.0,6981.0,7020.45,579174.0
2020-01-31,7035.0,7064.0,6895.55,6913.5,868935.0
2020-02-01,6915.0,7109.8,6740.3,6812.65,1412932.0
2020-02-03,6780.0,7044.85,6780.0,7011.3,1010531.0
2020-02-04,7020.0,7215.0,7001.0,7199.6,973311.0
2020-02-05,7215.0,7231.6,7025.6,7040.9,718489.0
2020-02-06,7075.0,7120.35,6976.8,7021.6,875714.0
2020-02-07,7039.0,7050.0,6935.0,6971.75,645814.0
2020-02-10,6975.0,6989.1,6851.1,6892.9,593773.0
2020-02-11,6950.0,7089.0,6912.3,7033.75,743160.0
2020-02-12,7056.1,7110.0,7007.95,7043.3,599364.0
2020-02-13,7050.0,7056.0,6925.0,7005.05,723169.0
2020-02-14,7000.05,7088.95,6901.0,6913.8,614859.0
2020-02-17,6920.0,6980.0,6880.0,6906.75,463548.0
2020-02-18,6925.0,6930.0,6735.8,6781.1,830678.0
2020-02-19,6850.0,6854.95,6624.6,6756.6,1033939.0
2020-02-20,6761.0,6807.55,6720.0,6757.6,682513.0
2020-02-24,6710.0,6710.0,6439.8,6470.4,1091346.0
2020-02-25,6505.4,6510.0,6376.55,6414.55,964897.0
2020-02-26,6350.0,6368.85,6186.05,6234.85,1580738.0
2020-02-27,6230.0,6338.05,6166.8,6289.8,1492657.0
2020-02-28,6163.05,6367.35,6103.2,6283.1,1468843.0
2020-03-02,6400.95,6439.55,6250.0,6285.15,1219764.0
2020-03-03,6318.0,6422.15,6280.5,6386.05,849199.0
2020-03-04,6390.0,6424.0,6209.0,6384.35,904360.0
2020-03-05,6411.9,6464.0,6330.2,6365.95,645853.0
2020-03-06,6196.4,6480.0,6100.15,6445.95,1140899.0
2020-03-09,6301.0,6374.0,6079.4,6201.1,1082031.0
2020-03-11,6160.0,6310.95,6105.0,6146.3,937029.0
2020-03-12,5939.3,5939.3,5555.55,5643.15,1345986.0
2020-03-13,5325.2,6063.5,4803.05,5838.6,1480275.0
2020-03-16,5638.6,5688.0,5400.0,5480.25,933424.0
2020-03-17,5502.0,5746.95,5502.0,5603.95,1238640.0
2020-03-18,5671.0,5688.8,5312.55,5352.65,973406.0
2020-03-19,4870.0,5096.6,4652.55,4819.55,2554586.0
2020-03-20,4869.0,5225.0,4812.6,5079.2,1614608.0
2020-03-23,4575.0,4790.0,4141.0,4220.35,1531989.0
2020-03-24,4341.0,4570.0,4030.0,4486.45,1746713.0
2020-03-25,4439.0,5159.4,4310.1,5005.95,1728820.0
2020-03-26,5024.45,5120.0,4750.0,4878.0,1338798.0
2020-03-27,5100.0,5136.5,4555.0,4646.1,1339446.0
2020-03-30,4587.45,4639.95,4270.0,4328.45,1528083.0
2020-03-31,4450.0,4468.05,4210.0,4288.3,2140288.0
2020-04-01,4290.0,4424.85,4190.1,4246.35,1323857.0
2020-04-03,4250.0,4267.0,4001.1,4011.5,1724863.0
2020-04-07,4150.0,4612.9,4120.0,4553.65,2688425.0
2020-04-08,4406.5,4925.0,4406.5,4698.1,2798838.0
2020-04-09,4794.45,5399.0,4736.2,5326.65,3786661.0
2020-04-13,5285.0,5343.4,5001.0,5283.15,2192269.0
2020-04-15,5307.5,5350.0,5041.0,5094.3,2094529.0
2020-04-16,5017.0,5228.0,4970.0,5130.8,1752170.0
2020-04-17,5325.0,5602.95,5211.7,5505.0,2192907.0
2020-04-20,5512.0,5573.95,5280.0,5331.35,1555313.0
2020-04-21,5131.3,5131.3,4884.5,5001.1,1843174.0
2020-04-22,5009.0,5248.25,4991.0,5180.85,1991789.0
2020-04-23,5169.0,5244.6,5045.0,5156.35,1454065.0
2020-04-24,5100.0,5140.0,5030.0,5045.65,1070905.0
2020-04-27,5150.1,5225.0,4991.55,5056.35,1432342.0
2020-04-28,5090.0,5120.0,4990.25,5052.7,1172062.0
2020-04-29,5100.0,5100.0,5011.05,5068.45,1038100.0
2020-04-30,5122.0,5425.0,5122.0,5358.8,2341400.0
2020-05-04,5096.0,5130.25,4840.0,4886.3,1742871.0
2020-05-05,4995.0,5029.55,4800.0,4829.85,1570620.0
2020-05-06,4841.2,5000.0,4710.0,4843.25,2214534.0
2020-05-07,4899.5,4935.35,4735.0,4749.3,1530824.0
2020-05-08,4874.0,4879.0,4637.5,4654.15,1828146.0
2020-05-11,4750.0,5014.6,4730.15,4937.8,3176498.0
2020-05-12,4914.0,4985.0,4690.05,4951.3,3124772.0
2020-05-13,5250.0,5317.45,4986.25,5036.1,3304851.0
2020-05-14,4905.0,5145.0,4852.15,5114.05,2590715.0
2020-05-15,5110.0,5123.2,4961.15,5100.4,2182575.0
2020-05-18,5080.4,5095.0,4680.55,4720.95,3164147.0
2020-05-19,4842.0,4900.0,4755.75,4805.3,2108189.0
2020-05-20,4754.0,4920.0,4745.5,4891.95,1518297.0
2020-05-21,4890.0,5073.8,4851.05,5050.1,1868172.0
2020-05-22,5010.0,5150.0,4930.75,5134.3,1935877.0
2020-05-26,5200.0,5285.8,5160.65,5246.15,1508804.0
2020-05-27,5270.0,5291.0,5135.4,5244.4,1534657.0
2020-05-28,5267.0,5495.0,5220.0,5468.35,2325387.0
2020-05-29,5375.0,5666.75,5375.0,5610.8,3386741.0
2020-06-01,5690.0,5864.65,5666.9,5793.6,2341043.0
2020-06-02,5797.75,5849.0,5625.1,5690.1,2110720.0
2020-06-03,5730.0,5832.0,5606.0,5624.0,1652859.0
2020-06-04,5658.0,5719.95,5572.0,5690.2,1642052.0
2020-06-05,5728.3,5785.0,5671.1,5746.2,1236660.0
2020-06-08,5850.0,5850.0,5701.5,5734.8,1176769.0
2020-06-09,5754.0,5787.0,5620.0,5662.3,1336815.0
2020-06-10,5655.0,5740.0,5615.0,5675.6,1432292.0
2020-06-11,5637.0,5689.0,5400.3,5426.15,1766482.0
2020-06-12,5201.0,5608.3,5201.0,5561.75,2064628.0
2020-06-15,5520.0,5585.0,5391.05,5475.75,1530606.0
2020-06-16,5590.0,5612.55,5400.0,5502.2,1184933.0
2020-06-17,5445.0,5813.45,5445.0,5726.2,3454869.0
2020-06-18,5695.0,5758.0,5641.0,5714.4,1580217.0
2020-06-19,5751.0,5935.0,5707.0,5897.35,1854591.0
2020-06-22,5900.0,5975.0,5806.35,5896.0,1497825.0
2020-06-23,5900.0,6007.2,5862.55,5886.5,1398189.0
2020-06-24,5938.0,5938.0,5730.0,5755.35,1268492.0
2020-06-25,5677.0,5846.8,5651.0,5762.3,1266213.0
2020-06-26,5800.0,5810.0,5695.0,5754.9,1063059.0
2020-06-29,5730.0,5800.0,5650.0,5678.7,1102655.0
2020-06-30,5750.0,5874.5,5681.45,5838.3,2015839.0
2020-07-01,5838.3,5885.0,5775.0,5803.1,1284965.0
2020-07-02,5850.0,5960.0,5762.8,5948.45,1470951.0
2020-07-03,5948.45,5988.6,5883.05,5932.1,1059779.0
2020-07-06,5963.45,6147.7,5925.0,6123.6,1385087.0
2020-07-07,6140.0,6250.0,6092.65,6226.75,1799721.0
2020-07-08,6226.75,6235.0,6022.6,6044.4,1204104.0
2020-07-09,6080.0,6096.0,5931.35,6002.35,1043433.0
2020-07-10,5980.0,6085.1,5921.0,5955.65,1168905.0
2020-07-13,6000.0,6059.25,5927.8,5988.85,1035124.0
2020-07-14,5951.0,5958.75,5750.0,5771.75,1602939.0
2020-07-15,5810.0,5879.8,5755.0,5801.3,1246712.0
2020-07-16,5809.0,5920.0,5752.0,5875.35,1018659.0
2020-07-17,5898.0,5956.0,5851.0,5919.5,810164.0
2020-07-20,5935.0,5936.0,5812.0,5867.5,912611.0
2020-07-21,5919.5,6150.0,5900.0,6130.85,1854694.0
2020-07-22,6117.0,6129.0,5939.7,6003.4,1140094.0
2020-07-23,6013.0,6090.0,5967.95,6065.95,701702.0
2020-07-24,6010.0,6047.35,5932.1,6000.7,793324.0
2020-07-27,6008.0,6062.85,5928.05,6043.3,902597.0
2020-07-28,6050.0,6320.35,6031.15,6282.8,1774866.0
2020-07-29,6269.95,6295.0,6118.95,6185.15,2057207.0
2020-07-30,6184.05,6393.65,6170.05,6265.4,2217867.0
2020-07-31,6265.0,6379.85,6209.0,6262.75,1613555.0
2020-08-03,6380.0,6437.45,6125.05,6165.2,1836582.0
2020-08-04,6199.0,6376.85,6185.0,6358.95,1223516.0
2020-08-05,6388.9,6597.7,6380.0,6526.25,2278683.0
2020-08-06,6534.95,6585.85,6434.4,6555.75,1233253.0
2020-08-07,6498.0,6749.5,6481.85,6679.0,1568000.0
2020-08-10,6690.0,6728.7,6576.0,6608.9,1601753.0
2020-08-11,6665.0,6713.5,6611.0,6649.2,880811.0
2020-08-12,6609.95,6778.05,6592.1,6730.3,1114994.0
2020-08-13,6729.95,6772.0,6655.0,6731.65,1087096.0
2020-08-14,6740.0,6745.15,6552.05,6588.2,905798.0
2020-08-17,6660.0,6789.95,6588.2,6768.4,1028545.0
2020-08-18,6768.4,6924.9,6760.9,6893.1,1322542.0
2020-08-19,6924.0,7014.7,6885.05,6990.3,1326450.0
2020-08-20,6891.1,6999.0,6880.05,6974.7,958233.0
2020-08-21,7048.0,7065.0,6951.0,6973.0,971836.0
2020-08-24,6985.0,7100.0,6955.0,7082.5,961178.0
2020-08-25,7100.0,7175.7,7075.65,7109.95,1047628.0
2020-08-26,7110.0,7158.0,6972.0,7008.65,992395.0
2020-08-27,7043.0,7127.7,6960.8,7098.0,1158982.0
2020-08-28,7125.0,7156.0,7028.45,7104.1,1019984.0
2020-08-31,7138.0,7160.0,6790.45,6839.95,1580778.0
2020-09-01,6860.45,7018.7,6802.0,6905.65,1117127.0
2020-09-02,6905.5,6980.0,6852.4,6920.75,776393.0
2020-09-03,6925.0,7116.9,6920.75,7072.6,947751.0
2020-09-04,6985.0,7324.0,6965.05,7190.1,2185296.0
2020-09-07,7225.0,7300.0,7129.25,7209.15,1348919.0
2020-09-08,7220.0,7278.0,7137.65,7224.0,1145075.0
2020-09-09,7200.0,7256.35,7121.2,7215.25,1273303.0
2020-09-10,7264.0,7299.4,7168.0,7231.65,978701.0
2020-09-11,7279.95,7349.9,7175.0,7193.6,1383019.0
2020-09-14,7219.0,7239.6,7085.0,7128.85,1003493.0
2020-09-15,7164.0,7175.0,7005.0,7052.8,894418.0
2020-09-16,7074.0,7169.0,7041.0,7057.95,920587.0
2020-09-17,7049.5,7112.9,6941.0,7085.85,1133421.0
2020-09-18,7148.0,7149.0,6931.6,6964.75,1143560.0
2020-09-21,6964.75,6986.9,6590.0,6626.95,1290483.0
2020-09-22,6675.0,6685.95,6312.35,6440.55,2666025.0
2020-09-23,6462.0,6549.95,6380.0,6501.3,1456257.0
2020-09-24,6435.0,6486.8,6270.15,6297.7,1237679.0
2020-09-25,6395.0,6518.55,6331.0,6497.7,1316469.0
2020-09-28,6579.0,6720.0,6542.3,6703.0,1099630.0
2020-09-29,6749.0,6813.3,6671.0,6742.75,1199391.0
2020-09-30,6710.0,6779.95,6671.0,6743.45,812841.0
2020-10-01,6838.2,6909.0,6775.4,6796.3,1256003.0
2020-10-05,6865.0,6877.6,6745.0,6818.85,833481.0
2020-10-06,6858.0,6939.8,6830.0,6892.4,756215.0
2020-10-07,6920.0,7070.0,6865.55,7046.9,1101957.0
2020-10-08,7090.0,7140.0,7021.0,7079.85,851205.0
2020-10-09,7060.0,7159.0,7001.0,7062.4,839682.0
2020-10-12,7110.0,7155.0,7005.0,7136.65,799713.0
2020-10-13,7135.0,7185.0,7022.0,7032.9,819418.0
2020-10-14,7040.0,7075.0,6927.45,7002.35,779634.0
2020-10-15,7029.0,7049.9,6857.7,6892.6,681321.0
2020-10-16,6895.0,6980.0,6863.0,6894.9,657914.0
2020-10-19,6975.0,6980.0,6825.0,6851.95,548472.0
2020-10-20,6817.0,6949.0,6810.0,6844.6,659864.0
2020-10-21,6904.0,6947.6,6764.65,6861.85,911969.0
2020-10-22,6828.0,6860.0,6775.2,6811.55,584542.0
2020-10-23,6858.0,7124.7,6832.0,7103.25,1758999.0
2020-10-26,7100.0,7161.3,6935.05,7054.8,1559361.0
2020-10-27,7067.0,7209.75,7053.0,7158.4,1461819.0
2020-10-28,7194.95,7332.0,7110.0,7186.05,1645177.0
2020-10-29,7114.0,7199.0,6986.7,7117.7,1434853.0
2020-10-30,7079.05,7110.0,6881.0,6965.15,1360249.0
2020-11-02,7044.9,7053.4,6850.0,6868.35,1059351.0
2020-11-03,6940.0,6963.25,6852.45,6913.35,926491.0
2020-11-04,6913.35,7054.0,6909.5,6954.05,901404.0
2020-11-05,7020.0,7104.9,6979.65,7092.8,843221.0
2020-11-06,7092.0,7135.0,6890.0,6907.6,1378439.0
2020-11-09,6989.95,7032.6,6815.0,6872.15,1479540.0
2020-11-10,6973.1,6974.0,6761.45,6793.45,1695413.0
2020-11-11,6859.0,6904.0,6753.1,6857.35,1481918.0
2020-11-12,6857.0,6930.0,6792.0,6836.85,1418041.0
2020-11-13,6880.0,6880.0,6786.0,6809.25,970632.0
2020-11-14,6850.0,6859.9,6835.0,6852.25,128193.0
2020-11-17,6865.0,6996.9,6863.0,6981.45,1243068.0
2020-11-18,6979.95,7070.0,6948.0,7054.3,1400300.0
2020-11-19,7031.0,7130.0,6915.2,6963.3,1305695.0
2020-11-20,6959.55,7020.0,6904.0,6965.85,923474.0
2020-11-23,7040.0,7044.0,6932.6,6987.75,735755.0
2020-11-24,7050.0,7209.0,7050.0,7158.4,1910670.0
2020-11-25,7250.0,7252.35,7017.0,7055.7,947742.0
2020-11-26,7080.0,7098.0,6903.0,6994.25,1068945.0
2020-11-27,7040.3,7111.0,6930.0,7035.8,2123905.0
2020-12-01,7141.8,7141.8,6975.2,7101.7,1076695.0
2020-12-02,7110.0,7220.0,7105.0,7206.5,1106734.0
2020-12-03,7250.0,7782.85,7249.6,7739.1,3846792.0
2020-12-04,7798.0,7882.65,7641.25,7803.15,2393536.0
2020-12-07,7828.8,7835.0,7690.0,7743.4,1037296.0
2020-12-08,7748.0,8013.15,7700.0,7762.7,1885285.0
2020-12-09,7775.0,7799.95,7692.0,7709.25,822760.0
2020-12-10,7760.0,7850.0,7710.0,7736.0,1186739.0
2020-12-11,7779.95,7795.7,7700.0,7733.55,706875.0
2020-12-14,7810.0,7825.0,7655.0,7696.8,1038032.0
2020-12-15,7696.8,7790.0,7640.55,7765.25,891801.0
2020-12-16,7820.0,7899.0,7770.0,7796.35,963504.0
2020-12-17,7799.9,7831.9,7625.0,7694.0,734075.0
2020-12-18,7714.0,7727.0,7541.75,7559.75,1078328.0
2020-12-21,7560.0,7599.0,7278.1,7376.1,970306.0
2020-12-22,7380.0,7438.0,7205.1,7395.4,1138240.0
2020-12-23,7400.4,7555.6,7394.0,7449.95,951805.0
2020-12-24,7507.25,7532.75,7414.2,7446.05,589281.0
2020-12-28,7465.0,7543.0,7454.0,7483.0,521320.0
2020-12-29,7520.0,7545.0,7418.3,7452.35,538719.0
2020-12-30,7497.0,7635.0,7430.0,7612.9,1029800.0
2020-12-31,7614.65,7697.0,7580.0,7649.6,908515.0
2021-01-01,7654.0,7748.5,7650.0,7691.3,767574.0
2021-01-04,7739.0,7755.2,7642.6,7702.3,598645.0
2021-01-05,7660.0,7673.0,7586.0,7655.45,562668.0
2021-01-06,7654.0,7749.0,7555.5,7628.6,840678.0
2021-01-07,7676.0,7704.4,7552.1,7566.05,642968.0
2021-01-08,7600.0,8060.0,7600.0,8014.9,2557157.0
2021-01-11,8099.0,8288.0,7882.4,8232.75,2182019.0
2021-01-12,8161.0,8329.0,8140.0,8188.05,1514072.0
2021-01-13,8188.0,8250.0,8111.0,8139.85,877225.0
2021-01-14,8164.8,8180.0,8023.45,8149.45,718274.0
2021-01-15,8157.15,8219.5,8000.05,8024.75,751177.0
2021-01-18,8011.0,8023.95,7745.0,7830.65,771183.0
2021-01-19,7900.0,7990.3,7835.0,7922.6,779892.0
2021-01-20,7882.0,8170.0,7860.25,8144.95,999226.0
2021-01-21,8205.0,8267.0,8021.45,8076.75,769494.0
2021-01-22,8085.0,8308.0,8000.0,8048.85,1172914.0
2021-01-25,8117.0,8164.7,7950.1,7981.5,753043.0
2021-01-27,7992.95,8090.0,7820.5,7870.9,1080785.0
2021-01-28,7840.0,7984.55,7562.0,7588.5,2085637.0
2021-01-29,7685.0,7685.0,7170.0,7206.65,3069968.0
2021-02-01,7265.2,7475.0,7152.0,7399.8,1611478.0
2021-02-02,7534.9,7769.75,7490.15,7654.7,1700845.0
2021-02-03,7680.0,7716.45,7475.85,7589.2,1491567.0
2021-02-04,7600.0,7765.0,7529.05,7640.0,1198036.0
2021-02-05,7680.0,7736.0,7461.0,7494.15,1128089.0
2021-02-08,7515.0,7638.0,7474.5,7574.6,912372.0
2021-02-09,7581.0,7680.0,7574.0,7627.05,925127.0
2021-02-10,7605.2,7674.9,7506.05,7621.7,1015600.0
2021-02-11,7600.0,7744.0,7567.65,7667.35,818869.0
2021-02-12,7620.1,7675.0,7525.9,7568.5,756833.0
2021-02-15,7600.0,7649.1,7580.0,7596.65,470093.0
2021-02-16,7639.0,7799.0,7625.25,7697.05,1321126.0
2021-02-17,7679.95,7691.5,7471.3,7503.2,1023548.0
2021-02-18,7574.85,7579.05,7460.0,7497.55,821462.0
2021-02-19,7448.0,7486.4,7285.0,7323.0,1013887.0
2021-02-22,7323.0,7325.0,7056.0,7086.45,1502068.0
2021-02-23,7118.8,7122.35,6938.0,6970.5,1589884.0
2021-02-24,6905.0,7036.0,6877.5,6952.95,1225254.0
2021-02-25,7065.0,7069.0,6915.0,6930.35,1740066.0
2021-02-26,6900.0,7075.0,6822.2,6866.15,2687534.0
2021-03-01,6977.0,7032.85,6917.05,7015.0,1417600.0
2021-03-02,7060.0,7235.0,7030.0,7214.1,1395296.0
2021-03-03,7245.6,7262.3,7101.2,7124.7,796258.0
2021-03-04,7080.0,7175.2,7011.0,7131.6,906310.0
2021-03-05,7130.0,7315.0,7070.0,7249.0,1821165.0
2021-03-08,7264.9,7338.8,7216.0,7259.5,977572.0
2021-03-09,7329.4,7329.4,7256.0,7301.55,678485.0
2021-03-10,7320.0,7387.0,7251.0,7272.1,659270.0
2021-03-12,7300.0,7313.0,7061.4,7096.2,946720.0
2021-03-15,7145.0,7162.95,7011.0,7089.3,700309.0
2021-03-16,7100.0,7200.0,7100.0,7150.3,796357.0
2021-03-17,7160.0,7169.95,7043.5,7064.65,688581.0
2021-03-18,7125.0,7242.0,7060.0,7113.75,984545.0
2021-03-19,7059.95,7149.95,6905.5,7113.55,838756.0
2021-03-22,7104.0,7142.5,7050.2,7101.25,533767.0
2021-03-23,7138.0,7225.0,7130.0,7186.25,757590.0
2021-03-24,7136.0,7158.4,7049.95,7066.2,457147.0
2021-03-25,7050.0,7059.0,6755.25,6786.85,1338767.0
2021-03-26,6889.0,6898.95,6771.0,6784.45,911299.0
2021-03-30,6811.0,6875.0,6740.0,6851.8,1088917.0
2021-03-31,6852.3,6939.9,6795.2,6859.2,735382.0
2021-04-01,6950.0,6991.5,6855.0,6923.9,660759.0
2021-04-05,6908.5,6908.5,6724.6,6768.55,668129.0
2021-04-06,6818.25,6846.95,6720.0,6751.3,628262.0
2021-04-07,6790.0,6885.0,6775.05,6865.0,598115.0
2021-04-08,6881.0,6939.3,6806.85,6826.85,604553.0
2021-04-09,6850.0,6875.25,6778.0,6827.1,641327.0
2021-04-12,6739.85,6739.85,6502.15,6520.6,1020746.0
2021-04-13,6520.0,6845.4,6468.8,6815.8,995718.0
2021-04-15,6846.6,6846.85,6551.0,6644.25,1267365.0
2021-04-16,6675.0,6784.85,6606.05,6648.1,1000325.0
2021-04-19,6500.35,6530.0,6415.0,6511.75,772219.0
2021-04-20,6615.0,6678.7,6558.55,6646.65,914142.0
2021-04-22,6625.95,6674.9,6545.0,6650.1,667911.0
2021-04-23,6560.0,6714.7,6560.0,6676.1,709306.0
2021-04-26,6690.2,6789.0,6600.0,6638.9,937344.0
2021-04-27,6669.95,6709.0,6542.0,6568.75,1610651.0
2021-04-28,6568.75,6650.0,6545.0,6573.8,1406270.0
2021-04-29,6635.0,6647.45,6552.0,6565.65,757075.0
2021-04-30,6537.1,6559.6,6421.0,6455.65,849997.0
2021-05-03,6430.0,6622.0,6400.0,6597.85,834923.0
2021-05-04,6639.95,6648.5,6482.0,6508.25,507170.0
2021-05-05,6557.7,6599.0,6483.0,6590.1,499160.0
2021-05-06,6590.0,6709.0,6575.7,6666.65,520125.0
2021-05-07,6679.0,6754.55,6640.0,6703.05,605050.0
2021-05-10,6675.2,6773.15,6660.1,6764.0,541534.0
2021-05-11,6680.15,6749.0,6660.25,6736.65,406046.0
2021-05-12,6730.0,6840.0,6685.0,6817.55,770204.0
2021-05-14,6840.0,6842.15,6700.2,6736.4,647029.0
2021-05-17,6716.5,6838.4,6697.55,6717.85,995827.0
2021-05-18,6788.0,6864.0,6715.45,6811.1,805827.0
2021-05-19,6799.0,6854.95,6760.0,6775.9,432774.0
2021-05-20,6780.8,6814.7,6729.5,6737.85,470476.0
2021-05-21,6780.0,6835.5,6744.25,6814.65,434363.0
2021-05-24,6802.0,6965.0,6802.0,6871.6,1027484.0
2021-05-25,6939.95,6948.0,6888.0,6911.8,438736.0
2021-05-26,6926.0,7051.0,6912.0,7034.3,691574.0
2021-05-27,7022.0,7069.0,6951.15,6968.9,922091.0
2021-05-28,6988.6,7047.0,6940.5,6970.0,393809.0
2021-05-31,6955.0,7100.0,6924.05,7086.3,718277.0
2021-06-01,7107.55,7143.0,7047.05,7091.15,642841.0
2021-06-02,7063.45,7197.7,7063.45,7184.7,598862.0
2021-06-03,7200.0,7230.0,7165.05,7209.5,401590.0
2021-06-04,7200.0,7272.0,7151.1,7214.7,575591.0
2021-06-07,7221.0,7328.85,7211.1,7275.65,520482.0
2021-06-08,7317.5,7366.45,7295.2,7336.75,538816.0
2021-06-09,7310.2,7339.2,7200.0,7239.0,443778.0
2021-06-10,7258.0,7279.45,7174.05,7199.9,278027.0
2021-06-11,7244.0,7244.0,7186.4,7223.8,253689.0
2021-06-14,7195.0,7212.95,7095.05,7177.85,322353.0
2021-06-15,7181.15,7228.85,7156.3,7166.25,207625.0
2021-06-16,7166.0,7193.75,7070.0,7114.25,283007.0
2021-06-17,7060.0,7099.1,6931.1,6969.35,595255.0
2021-06-18,6989.85,6989.85,6821.0,6959.35,797389.0
2021-06-21,6870.0,6925.0,6842.0,6899.9,443795.0
2021-06-22,6940.0,7299.95,6930.0,7265.4,1757310.0
2021-06-23,7266.1,7479.0,7240.05,7432.7,2227399.0
2021-06-24,7448.8,7550.0,7410.1,7527.45,1041762.0
2021-06-25,7540.0,7665.0,7540.0,7649.0,1216123.0
2021-06-28,7698.0,7698.0,7571.4,7596.25,433364.0
2021-06-29,7596.0,7601.0,7452.55,7487.5,480219.0
2021-06-30,7505.5,7646.6,7492.6,7515.9,729267.0
2021-07-01,7500.0,7605.0,7495.05,7584.4,584331.0
2021-07-02,7625.0,7634.5,7546.55,7573.85,434905.0
2021-07-05,7596.3,7690.0,7583.0,7599.45,484183.0
2021-07-06,7600.0,7657.95,7487.45,7514.95,425103.0
2021-07-07,7528.0,7581.0,7433.65,7449.4,395336.0
2021-07-08,7455.0,7498.0,7385.0,7401.2,391940.0
2021-07-09,7381.0,7447.9,7343.4,7425.7,400686.0
2021-07-12,7500.0,7589.8,7451.05,7470.1,496478.0
2021-07-13,7520.0,7529.2,7404.0,7430.35,350032.0
2021-07-14,7436.0,7449.0,7310.0,7326.75,460178.0
2021-07-15,7357.0,7358.0,7268.0,7307.0,430055.0
2021-07-16,7333.0,7333.0,7272.8,7303.55,281552.0
2021-07-19,7251.7,7297.0,7151.1,7165.55,386598.0
2021-07-20,7180.0,7265.0,7144.45,7232.7,413816.0
2021-07-22,7302.0,7325.0,7246.3,7299.55,439934.0
2021-07-23,7300.0,7375.0,7277.0,7293.85,436330.0
2021-07-26,7307.0,7360.0,7180.0,7235.8,431758.0
2021-07-27,7241.3,7320.0,7160.85,7240.25,417171.0
2021-07-28,7280.0,7312.0,7063.0,7165.05,739427.0
2021-07-29,7130.0,7130.0,6936.0,6993.5,1519226.0
2021-07-30,7000.0,7095.0,6964.9,6977.7,715546.0
2021-08-02,7100.0,7107.45,7031.0,7076.95,433760.0
2021-08-03,7124.95,7221.0,7086.1,7199.4,470570.0
2021-08-04,7220.0,7248.6,7003.5,7102.9,484122.0
2021-08-05,7072.0,7079.95,7006.0,7027.55,495133.0
2021-08-06,7054.8,7168.5,7042.55,7100.8,517575.0
2021-08-09,7135.0,7165.0,7038.0,7081.75,264983.0
2021-08-10,7045.2,7104.9,6995.0,7001.95,356726.0
2021-08-11,7002.0,7095.0,6925.15,7021.5,414311.0
2021-08-12,7022.0,7084.8,6985.0,7012.0,330283.0
2021-08-13,7030.0,7049.9,6973.85,7002.2,431784.0
2021-08-16,6982.5,7018.0,6810.0,6826.85,750966.0
2021-08-17,6800.0,6943.0,6746.4,6885.4,752517.0
2021-08-18,6943.75,6943.75,6820.0,6840.1,434144.0
2021-08-20,6815.0,6914.65,6780.0,6850.9,657982.0
2021-08-23,6905.0,6918.0,6801.0,6825.9,537302.0
2021-08-24,6789.5,6852.0,6740.6,6803.2,646993.0
2021-08-25,6838.0,6838.0,6700.0,6711.45,722194.0
2021-08-26,6700.0,6701.35,6591.0,6608.6,1199429.0
2021-08-27,6629.75,6694.6,6600.0,6624.85,1428388.0
2021-08-30,6690.0,6810.0,6653.85,6796.9,819447.0
2021-08-31,6820.0,6872.0,6763.55,6846.1,938326.0
2021-09-01,6799.95,6820.0,6702.35,6784.9,1108476.0
2021-09-02,6852.7,6858.95,6708.2,6792.9,741052.0
2021-09-03,6770.0,6958.0,6751.6,6863.1,1196077.0
2021-09-06,6925.0,6954.0,6838.0,6846.9,897444.0
2021-09-07,6879.9,6929.9,6853.7,6877.15,743783.0
2021-09-08,6852.1,6858.35,6756.0,6781.25,847767.0
2021-09-09,6750.0,6818.45,6740.0,6802.25,515702.0
2021-09-13,6835.5,6895.45,6813.3,6873.7,508397.0
2021-09-14,6910.0,6955.0,6851.1,6894.45,817280.0
2021-09-15,6938.0,6938.0,6880.0,6909.0,310138.0
2021-09-16,6913.3,6949.0,6870.0,6930.95,556648.0
2021-09-17,6955.0,7064.75,6950.0,7014.45,980793.0
2021-09-20,6979.9,7015.45,6906.2,6950.4,550405.0
2021-09-21,6912.5,6939.7,6741.0,6777.0,1085249.0
2021-09-22,6820.0,6846.0,6785.0,6831.0,548623.0
2021-09-23,6868.0,6879.9,6821.0,6846.7,432740.0
2021-09-24,6850.0,7037.8,6848.0,6952.25,1649962.0
2021-09-27,6974.0,7448.0,6974.0,7403.45,2646138.0
2021-09-28,7448.0,7521.55,7333.5,7423.85,1346961.0
2021-09-29,7390.5,7465.0,7291.0,7384.05,643556.0
2021-09-30,7384.75,7408.05,7301.05,7338.05,625717.0
2021-10-01,7220.0,7220.0,7090.0,7162.3,901588.0
2021-10-04,7180.0,7214.95,7131.8,7170.3,466994.0
2021-10-04,7162.3,7162.3,7162.3,7162.3,127042.0
2021-10-05,7164.8,7300.0,7155.65,7258.25,546004.0
2021-10-06,7270.9,7281.5,7164.25,7199.25,726695.0
2021-10-07,7234.95,7555.0,7225.25,7492.5,1646727.0
2021-10-08,7548.7,7571.95,7401.15,7430.0,630622.0
2021-10-11,7420.2,7814.8,7419.8,7700.8,1069536.0
2021-10-12,7687.9,7750.0,7630.05,7693.8,406814.0
2021-10-13,7740.0,7749.95,7436.55,7482.15,1084436.0
2021-10-14,7540.0,7560.0,7445.0,7496.9,831546.0
2021-10-18,7405.0,7705.3,7405.0,7657.0,913963.0
2021-10-19,7670.2,7768.6,7585.0,7655.65,658869.0
2021-10-20,7615.0,7667.35,7515.0,7590.75,488082.0
2021-10-21,7650.0,7650.0,7485.0,7575.25,563128.0
2021-10-22,7600.0,7625.0,7386.55,7408.9,224520.0
2021-10-25,7355.0,7396.05,7219.65,7260.6,248058.0
2021-10-26,7265.0,7337.95,7210.2,7297.35,292203.0
2021-10-27,7285.0,7461.25,7244.0,7356.25,1218064.0
2021-10-28,7250.0,7529.7,7235.05,7369.7,961511.0
2021-10-29,7350.0,7550.0,7294.85,7482.4,819875.0
2021-11-01,7401.0,7666.0,7401.0,7615.55,1005690.0
2021-11-02,7647.95,7910.0,7630.8,7791.75,1302733.0
2021-11-03,7791.75,7842.25,7711.6,7734.25,656492.0
2021-11-04,7774.7,7819.95,7735.5,7747.4,53365.0
2021-11-08,7759.95,7882.6,7672.0,7684.6,428433.0
2021-11-09,7709.0,7764.5,7538.7,7577.55,632879.0
2021-11-10,7570.0,7580.0,7460.0,7511.65,562432.0
2021-11-11,7512.0,7567.5,7442.0,7453.45,486991.0
2021-11-12,7530.0,7544.0,7442.0,7479.85,349666.0
2021-11-15,7452.0,7579.85,7452.0,7503.1,314414.0
2021-11-16,7545.0,8128.75,7535.05,8050.35,2619355.0
2021-11-17,8035.0,8350.0,8015.05,8274.75,2377268.0
2021-11-18,8234.0,8368.0,8001.1,8117.15,1337493.0
2021-11-22,8158.0,8187.85,7806.55,7864.4,672298.0
2021-11-23,7849.1,7953.95,7805.0,7854.0,567198.0
2021-11-24,7865.5,7897.95,7636.6,7669.45,571078.0
2021-11-25,7640.0,7719.4,7435.0,7572.5,1007618.0
2021-11-26,7520.0,7520.0,7130.0,7170.5,1154876.0
2021-11-29,7166.0,7210.0,6990.7,7149.5,733010.0
2021-11-30,7149.5,7250.0,7015.55,7067.8,1287938.0
2021-12-01,7191.0,7380.0,7130.05,7273.25,1669583.0
2021-12-02,7285.0,7355.45,7245.65,7324.95,618573.0
2021-12-03,7305.0,7329.0,7148.75,7208.7,603798.0
2021-12-06,7193.0,7200.0,7021.0,7042.85,609507.0
2021-12-07,7129.0,7261.8,7091.2,7186.6,637151.0
2021-12-08,7225.0,7497.85,7151.1,7434.9,930339.0
2021-12-09,7469.0,7469.0,7325.0,7421.75,615037.0
2021-12-10,7380.0,7475.0,7357.95,7425.65,431682.0
2021-12-13,7485.0,7575.9,7425.0,7516.4,883009.0
2021-12-14,7516.8,7556.3,7457.8,7493.15,749704.0
2021-12-15,7476.0,7640.0,7453.05,7567.95,529018.0
2021-12-16,7591.5,7621.0,7406.0,7450.8,595582.0
2021-12-17,7480.0,7480.0,7241.0,7296.6,1081907.0
2021-12-20,7200.0,7321.55,7035.85,7286.6,867425.0
2021-12-21,7306.5,7404.95,7284.0,7315.15,415744.0
2021-12-22,7305.5,7454.0,7305.5,7423.75,368978.0
2021-12-23,7481.0,7500.0,7355.0,7387.15,249919.0
2021-12-24,7441.0,7449.85,7252.15,7317.1,357447.0
2021-12-27,7277.1,7330.0,7186.2,7289.5,190180.0
2021-12-28,7320.0,7359.0,7255.1,7297.45,214533.0
2021-12-29,7297.7,7365.0,7240.45,7350.05,287776.0
2021-12-30,7350.0,7395.15,7255.4,7282.25,296041.0
2021-12-31,7290.05,7449.5,7290.05,7426.45,313398.0
2022-01-03,7420.0,7605.95,7420.0,7523.9,456599.0
2022-01-04,7600.0,7649.0,7520.0,7630.1,495182.0
2022-01-05,7624.85,7808.0,7605.6,7775.35,710043.0
2022-01-06,7782.0,7899.45,7683.95,7882.1,739981.0
2022-01-07,7882.1,7944.8,7835.5,7906.0,523116.0
2022-01-10,7950.0,8232.0,7924.15,8125.6,827930.0
2022-01-11,8100.0,8162.45,8069.3,8143.85,688923.0
2022-01-12,8200.0,8200.0,8115.0,8170.75,288174.0
2022-01-13,8175.0,8260.0,7952.0,8077.05,684931.0
2022-01-14,7951.0,8145.0,7951.0,8084.2,299536.0
2022-01-17,8124.8,8368.9,8100.1,8265.5,862249.0
2022-01-18,8248.95,8248.95,7891.5,7915.15,785199.0
2022-01-19,7929.0,8060.0,7860.0,8015.7,681632.0
2022-01-20,8000.0,8140.0,7997.55,8036.35,522850.0
2022-01-21,7970.0,8244.0,7856.05,8189.6,1041476.0
2022-01-24,8189.0,8332.8,7952.8,8052.3,1153538.0
2022-01-25,7990.0,8664.0,7887.9,8602.6,2162832.0
2022-01-27,8656.0,8971.65,8400.05,8820.2,2899559.0
2022-01-28,8795.0,8930.0,8522.35,8550.95,1045088.0
2022-01-31,8625.0,8720.0,8552.8,8597.3,561419.0
2022-02-01,8693.0,8790.8,8351.0,8559.4,819689.0
2022-02-02,8579.7,8683.0,8440.25,8515.25,580433.0
2022-02-03,8550.0,8798.0,8522.7,8593.65,810019.0
2022-02-04,8639.9,8680.0,8492.1,8550.55,404421.0
2022-02-07,8545.0,8615.0,8400.0,8511.65,446099.0
2022-02-08,8616.7,8789.1,8436.05,8599.45,998182.0
2022-02-09,8622.0,8989.8,8622.0,8949.45,1403525.0
2022-02-10,9050.0,9050.0,8789.9,8805.45,811887.0
2022-02-11,8738.0,8865.0,8673.3,8737.15,671572.0
2022-02-14,8500.0,8615.05,8325.0,8366.4,995540.0
2022-02-15,8410.0,8664.25,8356.5,8622.7,682766.0
2022-02-16,8720.0,8736.4,8544.0,8582.95,422704.0
2022-02-17,8575.0,8658.3,8525.0,8552.45,305313.0
2022-02-18,8550.0,8645.95,8520.05,8569.1,385273.0
2022-02-21,8544.05,8724.25,8443.6,8612.7,626049.0
2022-02-22,8495.0,8659.8,8384.85,8622.8,620828.0
2022-02-23,8690.0,8789.95,8655.2,8698.85,557954.0
2022-02-24,8402.0,8587.25,8155.0,8210.15,947351.0
2022-02-25,8260.0,8466.0,8209.55,8356.1,1344343.0
2022-02-28,8300.0,8339.95,8114.1,8314.15,961303.0
2022-03-02,8197.7,8199.0,7764.0,7814.2,1783011.0
2022-03-03,7924.0,7939.95,7558.5,7595.55,1050154.0
2022-03-04,7482.0,7519.2,7130.0,7247.3,2511658.0
2022-03-07,6992.0,7029.85,6730.0,6769.05,2469925.0
2022-03-08,6705.0,6855.0,6536.55,6806.3,2840376.0
2022-03-09,6874.0,7078.1,6777.0,7026.85,1827539.0
2022-03-10,7255.0,7399.85,7177.3,7211.8,1535070.0
2022-03-11,7200.0,7200.0,7080.0,7102.55,1024452.0
2022-03-14,7050.0,7335.0,7012.0,7316.75,1023874.0
2022-03-15,7321.0,7620.0,7318.0,7420.1,1586111.0
2022-03-16,7570.0,7595.75,7440.0,7485.8,584457.0
2022-03-17,7574.0,7741.95,7530.0,7693.0,1133271.0
2022-03-21,7844.0,7940.0,7650.0,7705.55,1354525.0
2022-03-22,7714.95,7809.0,7536.65,7766.65,1093502.0
2022-03-23,7800.0,7862.8,7611.0,7644.85,808597.0
2022-03-24,7599.3,7655.0,7526.35,7556.95,565485.0
2022-03-25,7515.0,7542.3,7385.0,7415.45,686637.0
2022-03-28,7425.0,7539.0,7413.0,7477.35,599515.0
2022-03-29,7535.0,7563.1,7401.0,7439.15,446257.0
2022-03-30,7521.0,7629.95,7490.0,7598.6,589206.0
2022-03-31,7598.55,7652.75,7528.0,7561.3,434317.0
2022-04-01,7574.0,7729.0,7517.35,7700.05,449386.0
2022-04-04,7650.0,7794.0,7631.65,7774.8,491029.0
2022-04-05,7781.0,7900.0,7730.0,7761.85,488132.0
2022-04-06,7739.0,7849.0,7675.0,7744.2,393628.0
2022-04-07,7659.75,7748.0,7621.05,7640.5,458566.0
2022-04-08,7708.8,7730.5,7515.4,7557.95,849846.0
2022-04-11,7614.85,7616.55,7485.0,7565.4,496254.0
2022-04-12,7540.0,7711.5,7500.0,7618.35,598047.0
2022-04-13,7618.35,7704.95,7440.0,7469.5,527991.0
2022-04-18,7374.5,7599.0,7355.0,7573.5,551783.0
2022-04-19,7580.0,7678.0,7350.0,7435.1,425990.0
2022-04-20,7499.0,7699.0,7472.6,7666.7,542622.0
2022-04-21,7709.8,7899.8,7686.05,7879.2,772708.0
2022-04-22,7789.0,8016.65,7731.0,7904.5,960818.0
2022-04-25,7810.0,7998.0,7810.0,7912.35,701521.0
2022-04-26,8000.0,8067.5,7830.0,7906.75,801963.0
2022-04-27,7851.0,7865.0,7720.0,7788.4,570519.0
2022-04-28,7844.0,7940.0,7766.7,7888.15,561932.0
2022-04-29,7918.0,7946.5,7626.0,7717.8,1162749.0
2022-05-02,7665.0,7750.0,7544.3,7634.75,544053.0
2022-05-04,7650.0,7747.0,7356.5,7397.9,599211.0
2022-05-05,7450.0,7538.0,7380.15,7407.65,524174.0
2022-05-06,7314.0,7359.9,7156.65,7279.25,650559.0
2022-05-09,7201.5,7424.5,7130.0,7360.3,570578.0
2022-05-10,7350.15,7575.0,7350.15,7515.9,663616.0
2022-05-11,7519.0,7559.55,7346.6,7396.45,605312.0
2022-05-12,7221.5,7323.95,7210.8,7253.65,571754.0
2022-05-13,7340.0,7340.0,7062.35,7101.95,703097.0
2022-05-16,7157.0,7305.35,7150.0,7247.6,369545.0
2022-05-17,7280.0,7584.65,7255.05,7532.8,811448.0
2022-05-18,7566.0,7640.15,7509.6,7566.55,576970.0
2022-05-19,7450.0,7525.0,7385.05,7404.55,363255.0
2022-05-20,7520.55,7648.9,7450.0,7586.6,742204.0
2022-05-23,7800.1,7954.85,7776.1,7897.45,1161175.0
2022-05-24,7919.0,7941.95,7791.3,7802.65,581609.0
2022-05-25,7840.0,7859.5,7696.05,7787.25,454335.0
2022-05-26,7800.0,7839.95,7620.0,7805.0,476799.0
2022-05-27,7925.0,7965.9,7833.0,7942.95,431411.0
2022-05-30,7980.2,8060.0,7951.0,8013.9,389517.0
2022-05-31,8013.9,8100.0,7900.0,7966.35,2494005.0
2022-06-01,7975.05,8068.9,7880.1,7939.4,522004.0
2022-06-02,7925.0,7972.0,7855.6,7925.4,352848.0
2022-06-03,7950.0,7995.0,7681.0,7705.05,591905.0
2022-06-06,7690.0,7776.9,7591.45,7710.55,606990.0
2022-06-07,7615.05,7820.0,7555.0,7809.4,991192.0
2022-06-08,7824.0,7921.0,7720.7,7892.45,813596.0
2022-06-09,7848.0,8010.0,7830.1,7929.85,687937.0
2022-06-10,7826.0,7988.2,7826.0,7935.1,442921.0
2022-06-13,7849.95,7967.35,7793.75,7901.6,565826.0
2022-06-14,7805.0,7901.4,7750.0,7811.65,553462.0
2022-06-15,7816.0,7929.0,7816.0,7853.45,604566.0
2022-06-16,7938.0,8025.0,7805.0,7833.6,1319566.0
2022-06-17,7805.0,7849.7,7646.15,7688.15,1317656.0
2022-06-20,7699.8,7784.1,7626.0,7660.95,1043423.0
2022-06-21,7714.95,7840.0,7625.15,7780.6,954884.0
2022-06-22,7750.0,7869.0,7716.6,7782.75,796824.0
2022-06-23,7810.0,8317.8,7803.0,8271.0,1676430.0
2022-06-24,8310.0,8390.0,8238.3,8363.2,1156788.0
2022-06-27,8444.0,8546.7,8391.25,8448.75,921090.0
2022-06-28,8415.25,8539.9,8381.05,8489.7,691242.0
2022-06-29,8389.95,8530.0,8370.0,8508.9,655413.0
2022-06-30,8500.0,8634.6,8435.6,8470.75,1130302.0
2022-07-01,8440.0,8450.0,8305.6,8402.6,530569.0
2022-07-04,8402.6,8467.6,8320.0,8443.35,625431.0
2022-07-05,8498.5,8508.55,8335.0,8348.7,610290.0
2022-07-06,8377.0,8652.45,8370.0,8630.05,976098.0
2022-07-07,8695.0,8700.0,8576.2,8606.4,547662.0
2022-07-08,8620.0,8656.95,8445.0,8475.95,686327.0
2022-07-11,8451.7,8525.0,8416.1,8507.65,536114.0
2022-07-12,8495.0,8497.45,8376.25,8419.7,424358.0
2022-07-13,8454.0,8488.15,8381.0,8440.2,413855.0
2022-07-14,8464.95,8587.35,8450.0,8567.75,606496.0
2022-07-15,8596.0,8799.0,8576.2,8778.05,631246.0
2022-07-18,8802.0,8843.0,8684.0,8704.8,478682.0
2022-07-19,8699.95,8798.9,8667.45,8715.85,478458.0
2022-07-20,8775.5,8865.45,8720.2,8749.05,398132.0
2022-07-21,8793.0,8831.9,8722.05,8797.0,421090.0
2022-07-22,8850.0,8889.0,8791.0,8830.95,415294.0
2022-07-25,8830.95,8830.95,8830.95,8830.95,163847.0
2022-07-25,8828.5,8858.6,8490.0,8621.6,623462.0
2022-07-26,8622.0,8625.4,8471.35,8525.85,429454.0
2022-07-27,8555.55,8707.45,8460.0,8658.1,1298855.0
2022-07-28,8700.0,8770.15,8628.8,8721.05,725196.0
2022-07-29,8764.7,8943.0,8730.0,8773.55,821432.0
2022-08-01,8850.0,9085.0,8822.6,9003.4,1009408.0
2022-08-02,8985.0,9196.85,8954.0,9173.05,848311.0
2022-08-03,9144.75,9144.75,8855.6,8959.45,753729.0
2022-08-04,9024.0,9048.0,8830.0,8966.7,643264.0
2022-08-05,8966.8,8985.2,8810.0,8841.2,558385.0
2022-08-08,8841.2,8841.2,8841.2,8841.2,163848.0
2022-08-08,8841.2,8998.0,8841.0,8921.95,520993.0
2022-08-10,8938.6,8999.5,8826.0,8879.7,445375.0
2022-08-11,8955.7,8998.0,8724.0,8813.85,508318.0
2022-08-12,8815.0,8815.0,8675.0,8699.2,712782.0
2022-08-16,8737.15,9040.0,8705.05,9003.7,963726.0
2022-08-17,9010.0,9070.0,8920.0,8944.35,623749.0
2022-08-18,8925.0,9012.4,8877.0,8947.7,442229.0
2022-08-19,8955.45,8968.0,8715.0,8778.95,572597.0
2022-08-22,8751.0,8767.45,8602.2,8628.0,488485.0
2022-08-23,8607.0,8757.0,8564.0,8720.5,558231.0
2022-08-24,8660.0,8772.0,8594.0,8704.0,442582.0
2022-08-25,8721.0,8835.0,8680.0,8735.9,525721.0
2022-08-26,8800.0,8832.75,8706.2,8720.6,398063.0
2022-08-29,8602.6,8859.9,8590.0,8834.2,459057.0
2022-08-30,8884.8,9164.0,8870.0,9082.25,1016312.0
2022-09-01,8949.95,9233.65,8941.0,9024.5,888864.0
2022-09-02,9026.5,9149.9,8902.1,8919.6,632909.0
2022-09-05,8900.0,9016.8,8875.0,8950.05,386455.0
2022-09-06,8984.3,9022.75,8870.0,8888.75,397902.0
2022-09-07,8864.0,8873.55,8760.0,8784.9,496785.0
2022-09-08,8829.0,8885.1,8780.0,8790.65,428924.0
2022-09-09,8834.65,8989.0,8730.0,8946.0,632296.0
2022-09-12,8969.9,9012.3,8904.0,8927.65,383641.0
2022-09-13,8972.3,8989.05,8910.9,8926.5,405093.0
2022-09-14,8859.85,9000.0,8825.7,8967.2,509547.0
2022-09-15,9030.05,9325.0,9030.0,9209.75,1392132.0
2022-09-16,9209.5,9315.9,9020.05,9189.65,1056382.0
2022-09-19,9175.3,9343.45,9070.0,9280.85,727024.0
2022-09-20,9339.0,9430.0,9250.0,9300.85,747257.0
2022-09-21,9300.0,9398.0,9211.45,9247.9,440725.0
2022-09-22,9199.0,9435.0,9186.0,9401.85,511112.0
2022-09-23,9397.95,9451.0,9277.35,9343.45,574213.0
2022-09-26,9270.3,9270.3,8800.0,8834.95,865432.0
2022-09-27,8890.0,8908.95,8670.5,8774.05,686285.0
2022-09-28,8720.0,8850.0,8660.05,8726.75,663740.0
2022-09-29,8770.4,8800.0,8604.1,8624.85,817007.0
2022-09-30,8668.0,8872.0,8558.2,8828.15,658982.0
2022-10-03,8828.15,8828.15,8828.15,8828.15,156509.0
2022-10-03,8970.0,8970.0,8510.0,8547.0,1123076.0
2022-10-04,8699.0,8758.55,8630.0,8690.5,503140.0
2022-10-06,8734.0,8825.0,8690.5,8703.0,474445.0
2022-10-07,8750.0,8845.6,8711.0,8779.1,428616.0
2022-10-10,8675.0,8876.45,8658.0,8862.4,411218.0
2022-10-11,8811.0,8850.0,8665.0,8684.15,422610.0
2022-10-12,8698.0,8720.0,8590.6,8686.6,380365.0
2022-10-13,8665.0,8785.45,8592.0,8649.55,355605.0
2022-10-14,8760.0,8766.6,8606.3,8617.3,274160.0
2022-10-17,8610.0,8749.7,8567.05,8723.8,304671.0
2022-10-18,8765.05,8888.25,8752.05,8807.35,369973.0
2022-10-19,8851.4,8855.0,8695.0,8719.35,385416.0
2022-10-20,8700.0,8739.2,8611.0,8707.4,328270.0
2022-10-21,8730.0,8794.0,8641.0,8703.3,356203.0
2022-10-24,8788.8,8788.8,8745.85,8765.45,30052.0
2022-10-25,8765.45,8765.45,8765.45,8765.45,101789.0
2022-10-25,8820.0,9017.0,8797.4,9005.0,727441.0
2022-10-27,9050.0,9076.95,8902.0,9041.95,849108.0
2022-10-28,9095.0,9549.95,9051.0,9492.55,1873029.0
2022-10-31,9650.0,9769.0,9451.1,9527.6,1932020.0
2022-11-01,9635.0,9636.9,9375.0,9454.6,805517.0
2022-11-02,9445.0,9454.6,9210.0,9229.4,788679.0
2022-11-03,9210.0,9310.0,9164.4,9239.1,616860.0
2022-11-04,9257.9,9324.0,9191.05,9229.5,465775.0
2022-11-07,9277.0,9352.8,9254.3,9333.3,469017.0
2022-11-09,9480.35,9480.85,9220.0,9253.5,617256.0
2022-11-10,9201.0,9250.75,9071.0,9097.25,445700.0
2022-11-11,9200.0,9240.0,9050.0,9087.55,461074.0
2022-11-14,9087.55,9087.55,9087.55,9087.55,189200.0
2022-11-14,9100.0,9163.05,8992.55,9152.35,282822.0
2022-11-15,9190.0,9203.55,9130.0,9162.2,359888.0
2022-11-16,9160.0,9252.5,9099.85,9134.95,350737.0
2022-11-17,9101.0,9169.6,8970.0,8986.45,409572.0
2022-11-18,9010.0,9023.95,8836.0,8848.05,515615.0
2022-11-21,8825.0,8929.2,8786.0,8865.2,520644.0
2022-11-22,8875.0,8934.95,8859.05,8873.75,455948.0
2022-11-23,8940.0,8989.0,8902.0,8934.5,621006.0
2022-11-24,8968.9,8994.9,8921.0,8967.1,455343.0
2022-11-25,9000.0,9080.0,8947.5,9019.5,545439.0
2022-11-28,9028.0,9104.1,8950.0,8985.4,439956.0
2022-11-29,8985.0,9024.75,8888.0,8910.2,606692.0
2022-11-30,8924.0,9020.0,8870.0,8974.15,1087650.0
2022-12-01,9019.05,9025.0,8930.0,8958.15,694489.0
2022-12-02,8820.0,8928.9,8754.75,8815.85,971612.0
2022-12-05,8844.0,8853.2,8765.0,8792.05,519621.0
2022-12-06,8777.2,8800.0,8694.95,8717.35,551379.0
2022-12-07,8720.0,8747.85,8641.0,8659.15,546450.0
2022-12-08,8665.0,8711.0,8606.05,8682.7,476001.0
2022-12-09,8707.0,8763.75,8545.45,8613.35,790406.0
2022-12-12,8609.0,8693.3,8515.3,8659.75,445039.0
2022-12-13,8662.0,8697.35,8610.0,8620.7,330236.0
2022-12-14,8650.0,8677.7,8596.05,8641.6,343670.0
2022-12-15,8641.0,8673.6,8575.0,8584.15,472176.0
2022-12-16,8559.5,8588.0,8446.0,8485.8,624222.0
2022-12-19,8498.8,8621.45,8451.0,8603.85,464106.0
2022-12-20,8584.4,8584.4,8432.05,8524.35,694906.0
2022-12-21,8524.35,8566.95,8288.3,8350.4,800720.0
2022-12-22,8356.65,8384.0,8288.0,8334.35,580858.0
2022-12-23,8299.7,8329.95,8122.85,8141.6,503012.0
2022-12-26,8147.0,8346.0,8076.05,8256.8,315102.0
2022-12-27,8298.95,8315.0,8230.8,8305.45,423308.0
2022-12-28,8315.0,8453.5,8287.6,8421.05,538632.0
2022-12-29,8370.0,8449.0,8333.0,8435.8,452134.0
2022-12-30,8470.0,8490.0,8362.25,8394.6,433976.0
2023-01-02,8365.0,8454.0,8337.6,8403.3,398159.0
2023-01-03,8380.0,8402.0,8304.15,8382.75,493207.0
2023-01-04,8376.0,8537.05,8311.05,8422.8,566744.0
2023-01-05,8444.95,8475.0,8390.05,8461.1,417716.0
2023-01-06,8460.0,8483.95,8350.0,8383.05,368978.0
2023-01-09,8424.85,8446.95,8325.1,8377.0,613406.0
2023-01-10,8380.0,8410.0,8262.9,8293.15,493677.0
2023-01-11,8334.65,8334.65,8249.15,8284.45,327536.0
2023-01-12,8315.0,8377.0,8260.0,8369.2,283772.0
2023-01-13,8397.0,8500.05,8351.0,8453.4,705220.0
2023-01-16,8480.0,8514.3,8343.6,8380.1,500575.0
2023-01-17,8409.85,8493.3,8342.15,8479.35,409248.0
2023-01-18,8473.0,8537.4,8464.3,8494.05,402883.0
2023-01-19,8479.0,8519.0,8456.5,8501.65,184776.0
2023-01-20,8462.05,8500.0,8412.0,8439.8,346337.0
2023-01-23,8480.0,8482.0,8377.9,8417.1,410827.0
2023-01-24,8450.0,8718.0,8417.0,8698.8,1039571.0
2023-01-25,8747.9,8833.0,8680.3,8784.1,1131883.0
2023-01-27,8828.45,8889.0,8620.1,8737.5,743546.0
2023-01-30,8779.0,8865.0,8718.0,8817.0,1036998.0
2023-01-31,8856.9,8943.85,8830.2,8895.3,643670.0
2023-02-01,8937.0,9030.45,8673.9,8768.85,707460.0
2023-02-02,8765.0,8940.0,8751.1,8870.15,456995.0
2023-02-03,8940.0,8963.0,8845.15,8942.3,351157.0
2023-02-06,8926.95,8936.0,8820.0,8908.0,205161.0
2023-02-07,8908.0,8920.0,8752.55,8762.45,318669.0
2023-02-08,8773.0,8854.5,8673.05,8834.7,391645.0
2023-02-09,8802.3,8833.0,8700.0,8801.2,392186.0
2023-02-10,8797.8,8875.0,8772.95,8811.35,276298.0
2023-02-13,8787.0,8864.4,8755.7,8809.45,253037.0
2023-02-14,8815.0,8847.0,8765.0,8774.45,227030.0
2023-02-15,8774.45,8895.7,8742.0,8845.35,452568.0
2023-02-16,8880.0,8880.0,8790.0,8805.1,247514.0
2023-02-17,8787.0,8874.0,8749.75,8807.75,214587.0
2023-02-20,8807.75,8849.0,8675.25,8693.65,298434.0
2023-02-21,8694.0,8720.0,8638.45,8669.85,323478.0
2023-02-22,8675.5,8719.0,8585.0,8658.95,363931.0
2023-02-23,8693.45,8747.45,8616.0,8696.25,317544.0
2023-02-24,8711.0,8740.0,8609.3,8660.5,242982.0
2023-02-27,8630.0,8643.05,8530.0,8632.2,220225.0
2023-02-28,8650.0,8709.0,8605.3,8624.35,370998.0
2023-03-01,8620.0,8776.25,8620.0,8764.15,333441.0
2023-03-02,8771.0,8771.0,8509.1,8548.75,603893.0
2023-03-03,8592.05,8629.0,8550.0,8601.25,437977.0
2023-03-06,8640.0,8663.0,8590.95,8631.45,275417.0
2023-03-08,8625.0,8712.05,8610.05,8693.9,348171.0
2023-03-09,8725.0,8737.0,8534.05,8541.95,431466.0
2023-03-10,8530.0,8628.0,8480.1,8601.55,516128.0
2023-03-13,8601.55,8637.3,8481.1,8518.4,479314.0
2023-03-14,8544.95,8544.95,8445.0,8512.15,349510.0
2023-03-15,8650.0,8704.95,8440.0,8474.95,509229.0
2023-03-16,8460.1,8533.4,8411.0,8437.45,340261.0
2023-03-17,8503.0,8510.95,8293.55,8316.85,471602.0
2023-03-20,8316.85,8316.85,8130.0,8219.6,488199.0
2023-03-21,8245.0,8275.0,8215.0,8228.4,287497.0
2023-03-22,8236.0,8289.6,8217.0,8252.4,218120.0
2023-03-23,8264.0,8375.0,8232.6,8353.2,540553.0
2023-03-24,8353.2,8386.5,8211.0,8242.9,391840.0
2023-03-27,8250.0,8316.8,8229.55,8278.35,364326.0
2023-03-28,8305.9,8355.6,8140.0,8208.8,360349.0
2023-03-29,8249.85,8319.1,8187.5,8295.3,339851.0
2023-03-31,8325.95,8370.0,8257.05,8292.15,478757.0
2023-04-03,8412.85,8579.0,8390.35,8503.05,627265.0
2023-04-05,8521.95,8548.0,8430.0,8447.05,272888.0
2023-04-06,8464.0,8535.0,8377.1,8516.65,309551.0
2023-04-10,8456.6,8555.8,8403.05,8535.15,308275.0
2023-04-11,8580.0,8670.95,8545.0,8659.55,409240.0
2023-04-12,8672.0,8709.95,8591.0,8621.05,408458.0
2023-04-13,8628.05,8704.0,8620.0,8670.8,480202.0
2023-04-17,8850.0,8850.0,8650.0,8674.65,489356.0
2023-04-18,8692.95,8748.8,8690.0,8732.65,276111.0
2023-04-19,8690.05,8741.8,8662.45,8679.95,280819.0
2023-04-20,8670.0,8739.9,8665.15,8714.65,369060.0
2023-04-21,8679.4,8704.0,8550.0,8558.45,424157.0
2023-04-24,8577.0,8577.0,8444.75,8466.15,543745.0
2023-04-25,8510.0,8525.0,8420.0,8468.9,906406.0
2023-04-26,8527.0,8550.0,8434.9,8506.9,959058.0
2023-04-27,8570.0,8570.0,8471.25,8542.95,536521.0
2023-04-28,8593.0,8612.45,8535.1,8589.55,387567.0
2023-05-02,8622.7,8827.0,8606.0,8776.85,865562.0
2023-05-03,8770.0,8828.0,8715.05,8797.3,537008.0
2023-05-04,8796.65,8822.95,8743.0,8800.6,271926.0
2023-05-05,8800.6,8988.0,8790.0,8948.65,951591.0
2023-05-08,9046.0,9120.95,8960.0,9076.25,678780.0
2023-05-09,9083.0,9140.0,9051.85,9111.55,415394.0
2023-05-10,9128.8,9180.0,9060.0,9168.15,366827.0
2023-05-11,9242.95,9315.0,9142.05,9260.9,644550.0
2023-05-12,9260.95,9329.8,9232.65,9295.4,403028.0
2023-05-15,9242.0,9307.5,9185.4,9207.3,259316.0
2023-05-16,9219.1,9229.3,9057.1,9071.35,448981.0
2023-05-17,9080.35,9132.0,9032.05,9119.4,290482.0
2023-05-18,9144.95,9150.0,9044.1,9053.3,272497.0
2023-05-19,9060.0,9118.2,8960.55,9105.95,543472.0
2023-05-22,9090.0,9169.7,9073.85,9156.65,182115.0
2023-05-23,9169.0,9235.0,9156.75,9200.7,269008.0
2023-05-24,9168.0,9318.2,9159.0,9270.75,470365.0
2023-05-25,9220.75,9293.4,9216.05,9281.85,218979.0
2023-05-26,9333.0,9415.0,9311.25,9399.95,346760.0
2023-05-29,9435.0,9488.8,9312.05,9333.5,236834.0
2023-05-30,9380.0,9402.9,9300.0,9383.35,372004.0
2023-05-31,9449.95,9449.95,9267.6,9367.7,1614766.0
2023-06-01,9337.5,9377.55,9222.0,9328.3,378706.0
2023-06-02,9389.0,9525.15,9312.7,9485.35,445105.0
2023-06-05,9552.5,9640.0,9488.55,9582.1,434649.0
2023-06-06,9629.0,9770.0,9611.0,9736.2,542318.0
2023-06-07,9788.0,9800.0,9650.5,9707.5,453747.0
2023-06-08,9733.0,9765.0,9625.5,9658.6,273746.0
2023-06-09,9675.5,9713.9,9611.1,9627.8,161389.0
2023-06-12,9625.0,9700.0,9537.65,9550.45,316879.0
2023-06-13,9588.0,9618.05,9505.65,9517.5,561014.0
2023-06-14,9520.0,9599.0,9490.5,9532.5,328167.0
2023-06-15,9555.0,9697.8,9543.0,9594.85,459978.0
2023-06-16,9595.05,9643.4,9552.0,9603.7,682099.0
2023-06-19,9638.0,9642.15,9510.0,9532.0,395006.0
2023-06-20,9530.0,9538.9,9420.0,9492.1,612713.0
2023-06-21,9502.0,9537.0,9396.05,9440.85,356331.0
2023-06-22,9439.05,9494.35,9373.8,9403.05,288487.0
2023-06-23,9420.0,9427.0,9305.0,9327.3,309138.0
2023-06-26,9327.3,9520.0,9300.0,9470.2,405168.0
2023-06-27,9490.0,9500.0,9395.05,9461.0,339375.0
2023-06-28,9475.45,9575.0,9432.55,9540.65,482586.0
2023-06-30,9569.0,9853.5,9541.0,9789.05,845006.0
2023-07-03,9742.05,9785.85,9656.55,9673.0,398066.0
2023-07-04,9700.0,9716.5,9620.05,9647.4,247673.0
2023-07-05,9697.0,10036.95,9675.0,9992.3,815044.0
2023-07-06,9999.95,10016.3,9815.2,9859.4,652120.0
2023-07-07,9854.0,9945.0,9815.0,9850.25,457050.0
2023-07-10,9854.0,9933.35,9719.75,9736.3,272008.0
2023-07-11,9796.0,9956.85,9736.3,9900.15,568772.0
2023-07-12,9895.0,9950.0,9805.0,9835.8,552967.0
2023-07-13,9852.95,9898.95,9612.0,9647.55,519564.0
2023-07-14,9701.95,9727.3,9591.0,9603.65,498441.0
2023-07-17,9647.0,9699.0,9555.0,9689.55,444583.0
2023-07-18,9710.2,9766.3,9601.7,9665.65,320985.0
2023-07-19,9651.0,9666.0,9525.65,9607.55,450254.0
2023-07-20,9620.0,9785.0,9575.45,9772.5,466813.0
2023-07-21,9720.0,9845.0,9703.0,9770.05,328483.0
2023-07-24,9770.05,9815.0,9680.0,9694.8,358506.0
2023-07-25,9624.0,9774.95,9616.8,9758.6,240998.0
2023-07-26,9761.5,9810.0,9725.25,9756.35,209861.0
2023-07-27,9770.0,9827.15,9691.65,9753.6,256672.0
2023-07-28,9739.0,9750.0,9546.4,9670.3,381151.0
2023-07-31,9670.3,9837.7,9606.0,9820.75,600060.0
2023-08-01,9760.0,9892.0,9650.05,9716.75,1394528.0
2023-08-02,9715.0,9793.45,9520.35,9653.8,672815.0
2023-08-03,9598.85,9659.95,9515.6,9543.7,614897.0
2023-08-04,9560.0,9616.0,9427.0,9470.4,540470.0
2023-08-07,9490.0,9539.8,9422.0,9523.8,366329.0
2023-08-08,9539.95,9623.0,9505.0,9542.55,430636.0
2023-08-09,9540.0,9540.05,9417.5,9463.1,404602.0
2023-08-10,9463.1,9500.0,9342.05,9397.6,523490.0
2023-08-11,9397.6,9469.0,9344.0,9356.85,498504.0
2023-08-14,9360.0,9364.0,9257.9,9321.65,336864.0
2023-08-16,9334.0,9437.75,9254.15,9419.55,336363.0
2023-08-17,9414.9,9474.75,9350.0,9375.3,402798.0
2023-08-18,9350.0,9470.0,9336.65,9456.05,400745.0
2023-08-21,9455.55,9469.0,9413.25,9438.8,375347.0
2023-08-22,9420.2,9508.05,9409.7,9491.9,435930.0
2023-08-23,9519.0,9640.0,9446.0,9600.95,546842.0
2023-08-24,9661.65,9661.65,9555.0,9573.7,385559.0
2023-08-25,9554.0,9624.75,9485.0,9505.7,346449.0
2023-08-28,9514.95,9670.0,9510.0,9597.7,325938.0
2023-08-29,9600.0,9684.75,9506.0,9621.25,317224.0
2023-08-30,9660.0,9817.95,9610.0,9796.4,543634.0
2023-08-31,9770.1,10065.0,9770.1,10003.8,1581818.0
2023-09-01,9999.0,10397.95,9951.35,10331.25,1193178.0
2023-09-04,10401.0,10467.95,10286.3,10362.45,819552.0
2023-09-05,10350.0,10412.7,10245.8,10262.1,507107.0
2023-09-06,10260.0,10260.0,10130.15,10178.85,663758.0
2023-09-07,10150.0,10300.9,10150.0,10280.75,445805.0
2023-09-08,10399.0,10400.0,10300.0,10332.0,439721.0
2023-09-11,10345.0,10550.0,10344.0,10533.85,598050.0
2023-09-12,10544.0,10568.4,10405.0,10503.6,568773.0
2023-09-13,10500.0,10536.4,10440.0,10473.4,301707.0
2023-09-14,10465.05,10580.0,10431.05,10488.15,501196.0
2023-09-15,10489.3,10550.0,10477.4,10525.25,544616.0
2023-09-18,10500.05,10623.65,10494.05,10522.1,430213.0
2023-09-20,10494.05,10494.05,10337.55,10346.75,545106.0
2023-09-21,10343.05,10345.0,10206.5,10284.3,577252.0
2023-09-22,10378.0,10566.75,10308.45,10535.15,986206.0
2023-09-25,10535.15,10720.0,10530.0,10588.2,756801.0
2023-09-26,10631.9,10633.95,10526.55,10556.65,452503.0
2023-09-27,10550.0,10706.0,10525.0,10680.75,458359.0
2023-09-28,10650.5,10705.0,10532.05,10565.35,598144.0
2023-09-29,10541.0,10705.5,10510.55,10610.6,481725.0
2023-10-03,10709.8,10709.8,10303.3,10346.9,623006.0
2023-10-04,10283.9,10283.9,10090.0,10129.85,407793.0
2023-10-05,10181.95,10270.95,10109.0,10210.15,377196.0
2023-10-06,10283.0,10332.95,10260.0,10302.05,335700.0
2023-10-09,10250.0,10334.4,10183.95,10244.8,230083.0
2023-10-10,10290.0,10417.0,10270.1,10375.0,348342.0
2023-10-11,10349.95,10440.0,10340.05,10412.1,193526.0
2023-10-12,10460.0,10624.55,10420.2,10580.9,569237.0
2023-10-13,10534.05,10745.05,10529.8,10727.55,625954.0
2023-10-16,10729.95,10810.85,10665.0,10704.5,304196.0
2023-10-17,10730.0,10797.85,10565.3,10750.8,474718.0
2023-10-18,10755.0,10809.85,10711.05,10788.45,267435.0
2023-10-19,10700.0,10798.7,10700.0,10771.7,286284.0
2023-10-20,10763.1,10799.0,10695.7,10725.65,232512.0
2023-10-23,10681.0,10724.65,10530.45,10553.65,227925.0
2023-10-25,10520.0,10647.45,10501.6,10588.85,401105.0
2023-10-26,10539.0,10594.0,10392.5,10424.15,506129.0
2023-10-27,10440.05,10845.0,10440.0,10560.7,1116713.0
2023-10-30,10700.0,10700.0,10245.0,10397.7,991168.0
2023-10-31,10490.0,10490.0,10321.0,10392.3,439996.0
2023-11-01,10390.1,10422.2,10188.65,10227.75,699116.0
2023-11-02,10290.3,10345.0,10201.0,10303.6,569194.0
2023-11-03,10318.0,10370.0,10241.0,10276.3,517582.0
2023-11-06,10338.95,10338.95,10252.0,10284.85,490459.0
2023-11-07,10300.0,10326.0,10235.85,10253.3,264935.0
2023-11-08,10320.0,10340.45,10260.6,10322.3,287006.0
2023-11-09,10349.95,10449.6,10316.75,10400.35,310536.0
2023-11-10,10375.0,10416.4,10320.0,10388.8,206395.0
2023-11-12,10450.0,10495.0,10415.15,10431.4,27259.0
2023-11-13,10429.0,10429.0,10363.65,10398.4,261891.0
2023-11-15,10497.0,10497.0,10375.05,10456.05,436538.0
2023-11-16,10480.0,10543.7,10409.2,10484.5,488715.0
2023-11-17,10500.0,10606.8,10499.15,10523.5,403772.0
2023-11-20,10500.0,10593.35,10500.0,10566.25,234246.0
2023-11-21,10619.0,10619.0,10500.0,10535.15,312242.0
2023-11-22,10550.0,10551.25,10420.0,10494.55,378891.0
2023-11-23,10487.8,10525.0,10394.05,10488.5,453820.0
2023-11-24,10505.95,10566.5,10462.0,10515.65,380306.0
2023-11-28,10539.95,10556.4,10506.0,10537.55,268026.0
2023-11-29,10570.0,10634.55,10525.7,10599.25,343341.0
2023-11-30,10581.0,10649.0,10546.1,10608.7,665660.0
2023-12-01,10608.0,10759.0,10533.05,10585.7,591519.0
2023-12-04,10695.0,10695.1,10425.0,10599.45,625235.0
2023-12-05,10650.9,10770.0,10563.4,10721.9,580996.0
2023-12-06,10721.9,10748.95,10590.0,10625.75,464163.0
2023-12-07,10790.0,10932.85,10635.0,10696.65,704413.0
2023-12-08,10730.0,10748.0,10551.0,10618.55,548373.0
2023-12-11,10630.0,10638.0,10500.05,10541.75,579749.0
2023-12-12,10620.0,10624.0,10301.1,10338.4,1088687.0
2023-12-13,10360.0,10412.9,10260.0,10380.05,603469.0
2023-12-14,10440.0,10495.0,10312.3,10353.2,635475.0
2023-12-15,10459.0,10476.75,9832.6,10286.4,1244681.0
2023-12-18,10295.0,10350.9,10226.2,10319.6,652498.0
2023-12-19,10319.6,10377.0,10206.2,10233.6,585734.0
2023-12-20,10240.0,10309.05,9990.0,10081.25,964051.0
2023-12-21,10000.0,10099.25,9900.0,10012.85,739806.0
2023-12-22,10050.0,10318.3,10030.0,10217.15,652545.0
2023-12-26,10270.0,10281.2,10114.7,10270.65,395273.0
2023-12-27,10286.0,10305.35,10230.0,10288.5,397675.0
2023-12-28,10310.95,10310.95,10187.0,10271.6,584234.0
2023-12-29,10280.45,10396.65,10273.0,10302.35,705227.0
2024-01-01,10345.0,10345.0,10214.65,10283.3,411724.0
